Date,Open,High,Low,Close,Volume
2011-05-09,49.69,49.89,49.50,49.66,51188208
2011-05-10,49.84,49.96,49.52,49.92,70522032
2011-05-11,49.86,50.00,49.32,49.60,84018760
2011-05-12,49.45,49.59,48.90,49.51,80239688
2011-05-13,49.38,49.46,48.62,48.64,81548032
2011-05-16,48.46,48.75,47.51,47.61,112535472
2011-05-17,47.43,48.02,47.25,48.02,113196760
2011-05-18,48.07,48.72,48.00,48.55,83693344
2011-05-19,48.87,48.92,48.38,48.65,65291360
2011-05-20,48.51,48.71,47.86,47.89,84547776
2011-05-23,47.14,48.00,47.06,47.77,95627312
2011-05-24,47.93,47.99,47.33,47.46,80520720
2011-05-25,47.63,48.37,47.55,48.11,73555496
2011-05-26,48.00,48.13,47.78,47.86,55673820
2011-05-27,47.83,48.23,47.76,48.20,50912940
2011-05-31,48.73,49.69,48.71,49.69,104434224
2011-06-01,49.84,50.30,49.24,49.36,138670704
2011-06-02,49.50,49.71,49.19,49.44,84721200
2011-06-03,49.03,49.33,48.86,49.06,78360840
2011-06-06,49.39,49.58,48.26,48.29,115484808
2011-06-07,48.31,48.32,47.41,47.43,132493224
2011-06-08,47.40,47.83,47.24,47.46,83471664
2011-06-09,47.61,47.67,47.25,47.36,68841264
2011-06-10,47.22,47.38,46.50,46.56,108529504
2011-06-13,46.74,46.90,46.44,46.66,82414200
2011-06-14,47.14,47.61,47.04,47.49,83641992
2011-06-15,47.11,47.19,46.41,46.68,99851984
2011-06-16,46.70,46.95,45.48,46.45,127647424
2011-06-17,47.00,47.04,45.62,45.75,153872816
2011-06-20,45.34,45.39,44.36,45.05,160161392
2011-06-21,45.24,46.54,45.03,46.47,123343592
2011-06-22,46.45,46.99,46.05,46.09,97645536
2011-06-23,45.56,47.38,45.45,47.32,139939440
2011-06-24,47.34,47.59,46.44,46.62,109981432
2011-06-27,46.80,47.70,46.75,47.43,84990008
2011-06-28,47.66,48.10,47.63,47.89,73574968
2011-06-29,48.01,48.05,47.41,47.72,88179176
2011-06-30,47.81,48.02,47.55,47.95,80807480
2011-07-01,47.99,49.07,47.74,49.04,108828320
2011-07-05,49.00,49.98,48.93,49.92,88818712
2011-07-06,49.85,50.59,49.53,50.25,111156368
2011-07-07,50.67,51.14,50.57,51.03,99915416
2011-07-08,50.48,51.43,50.31,51.39,122481752
2011-07-11,50.91,51.40,50.40,50.57,110714080
2011-07-12,50.50,51.10,49.80,50.54,112901800
2011-07-13,51.19,51.43,50.91,51.15,97909616
2011-07-14,51.57,51.66,50.91,51.11,107633256
2011-07-15,51.60,52.14,51.31,52.13,121116472
2011-07-18,52.20,53.52,52.18,53.40,143157760
2011-07-19,54.00,54.09,53.33,53.84,204786496
2011-07-20,56.59,56.61,55.14,55.27,235331952
2011-07-21,55.28,55.72,54.84,55.33,131629136
2011-07-22,55.47,56.44,55.39,56.19,129182048
2011-07-25,55.76,57.14,55.66,56.93,147451280
2011-07-26,57.14,57.79,57.10,57.63,119145160
2011-07-27,57.23,57.52,56.02,56.08,164830672
2011-07-28,55.95,56.71,55.45,55.97,148506208
2011-07-29,55.38,56.45,54.86,55.78,158146064
2011-08-01,56.83,57.07,56.05,56.68,153208096
2011-08-02,56.81,56.84,55.48,55.56,159884864
2011-08-03,55.85,56.22,54.61,56.08,183126000
2011-08-04,55.63,55.90,53.91,53.91,217851648
2011-08-05,54.35,54.79,51.80,53.37,301140640
2011-08-08,51.67,52.54,50.43,50.46,285951520
2011-08-09,51.61,53.52,50.71,53.43,270645920
2011-08-10,53.02,53.52,51.79,51.96,219662576
2011-08-11,52.93,53.64,52.10,53.39,185491344
2011-08-12,54.01,54.23,53.46,53.86,132243576
2011-08-15,54.23,55.00,54.01,54.77,115135600
2011-08-16,54.50,54.77,53.72,54.35,124722208
2011-08-17,54.62,54.93,54.00,54.35,110515048
2011-08-18,52.98,53.24,51.62,52.29,212858560
2011-08-19,51.74,52.43,50.86,50.86,193970752
2011-08-22,52.07,52.13,50.73,50.92,133826360
2011-08-23,51.47,53.38,51.00,53.37,164208736
2011-08-24,53.35,54.14,52.94,53.74,156567088
2011-08-25,52.15,53.64,52.14,53.39,217825328
2011-08-26,53.02,54.83,52.97,54.80,160368928
2011-08-29,55.45,55.93,55.43,55.71,101313264
2011-08-30,55.46,55.98,55.17,55.71,104480384
2011-08-31,55.80,56.01,54.55,54.98,130689008
2011-09-01,55.12,55.33,54.39,54.43,85930800
2011-09-02,53.53,54.00,53.12,53.44,109791640
2011-09-06,52.48,54.33,52.35,54.25,127424208
2011-09-07,55.08,55.09,54.57,54.85,87643888
2011-09-08,54.63,55.52,54.62,54.88,104039568
2011-09-09,54.85,55.14,53.57,53.93,141269552
2011-09-12,53.29,54.41,53.13,54.28,116958112
2011-09-13,54.59,55.17,54.32,54.95,110184600
2011-09-14,55.29,56.03,55.11,55.61,133680984
2011-09-15,55.92,56.24,55.70,56.14,104454680
2011-09-16,56.51,57.21,56.43,57.21,174622288
2011-09-19,56.71,59.03,56.46,58.80,205964960
2011-09-20,59.32,60.41,58.74,59.06,193937488
2011-09-21,59.95,60.23,58.86,58.88,151493920
2011-09-22,57.29,58.55,56.67,57.40,242120384
2011-09-23,57.18,58.11,57.12,57.76,136620768
2011-09-26,57.12,57.71,55.90,57.60,203219056
2011-09-27,58.39,58.46,56.87,57.04,158124560
2011-09-28,57.17,57.68,56.64,56.72,107463288
2011-09-29,57.42,57.46,55.17,55.80,162841328
2011-09-30,55.30,55.56,54.45,54.47,137059360
2011-10-03,54.34,54.66,53.31,53.51,167269136
2011-10-04,53.51,54.54,50.61,53.21,308419200
2011-10-05,52.55,54.26,51.47,54.04,196617536
2011-10-06,53.33,54.97,53.11,53.91,203145248
2011-10-07,53.68,53.96,52.64,52.83,133904312
2011-10-10,54.16,55.54,54.03,55.54,110628384
2011-10-11,56.08,57.60,55.93,57.18,151420672
2011-10-12,58.19,58.46,57.16,57.46,155571184
2011-10-13,57.85,58.35,57.55,58.35,106545872
2011-10-14,59.55,60.29,59.32,60.29,143341888
2011-10-17,60.25,60.96,59.42,60.00,171510816
2011-10-18,60.25,60.69,59.43,60.32,220400320
2011-10-19,57.34,58.35,56.83,56.95,275998400
2011-10-20,57.14,57.19,56.32,56.47,137382480
2011-10-21,56.87,57.02,55.82,56.12,155310672
2011-10-24,56.60,58.07,56.49,57.97,125589200
2011-10-25,57.86,58.08,56.77,56.82,107650320
2011-10-26,57.39,57.51,56.16,57.23,114075096
2011-10-27,58.22,58.43,57.41,57.81,123713416
2011-10-28,57.57,58.05,57.50,57.85,80709832
2011-10-31,57.49,58.48,57.29,57.83,96406392
2011-11-01,56.77,57.07,56.17,56.64,132947048
2011-11-02,57.16,57.21,56.44,56.77,82063760
2011-11-03,57.01,57.63,56.48,57.58,110381200
2011-11-04,57.43,57.63,57.02,57.18,75557064
2011-11-07,57.13,57.14,56.59,57.10,67568656
2011-11-08,57.46,58.29,57.37,58.03,100109944
2011-11-09,56.71,57.27,56.32,56.47,139671088
2011-11-10,56.72,56.74,54.59,55.03,186245440
2011-11-11,55.23,55.53,54.32,54.95,163446128
2011-11-14,54.79,55.04,54.03,54.18,108265608
2011-11-15,54.40,55.64,54.21,55.55,107744928
2011-11-16,55.61,55.88,54.90,54.97,87302096
2011-11-17,54.85,54.94,53.64,53.92,120030296
2011-11-18,54.13,54.28,53.55,53.56,93018856
2011-11-21,52.91,53.10,52.27,52.72,112050704
2011-11-22,53.00,53.99,52.99,53.79,102324440
2011-11-23,53.50,53.69,52.41,52.43,107160568
2011-11-25,52.63,53.02,51.90,51.94,63689864
2011-11-28,53.19,53.82,52.90,53.73,86660936
2011-11-29,53.69,54.12,52.89,53.31,94007960
2011-11-30,54.47,54.61,54.04,54.60,101516808
2011-12-01,54.65,55.57,54.39,55.42,96794952
2011-12-02,55.69,56.23,55.51,55.67,94818376
2011-12-05,56.21,56.63,55.77,56.14,89342208
2011-12-06,56.07,56.38,55.63,55.85,70951080
2011-12-07,55.70,55.85,55.25,55.58,76250016
2011-12-08,55.92,56.50,55.75,55.81,94089144
2011-12-09,56.12,56.29,55.86,56.23,74285856
2011-12-12,55.95,56.27,55.64,55.98,75266456
2011-12-13,56.14,56.49,55.30,55.54,84784272
2011-12-14,55.24,55.34,53.95,54.31,101788768
2011-12-15,54.76,54.82,54.04,54.13,64112188
2011-12-16,54.34,54.88,54.22,54.43,105394512
2011-12-19,54.64,54.98,54.35,54.60,58881980
2011-12-20,55.39,56.59,55.32,56.56,84350816
2011-12-21,56.67,56.76,56.00,56.63,65736736
2011-12-22,56.71,57.02,56.59,56.94,50589164
2011-12-23,57.10,57.66,57.07,57.62,67402032
2011-12-27,57.59,58.44,57.57,58.08,66308688
2011-12-28,58.13,58.32,57.33,57.52,57214284
2011-12-29,57.63,57.95,57.22,57.87,54039096
2011-12-30,57.64,58.04,57.64,57.86,44943760
2012-01-03,58.49,58.93,58.43,58.75,75564776
2012-01-04,58.57,59.24,58.47,59.06,65061180
2012-01-05,59.28,59.79,58.95,59.72,67816856
2012-01-06,59.97,60.39,59.89,60.34,79596480
2012-01-09,60.79,61.11,60.19,60.25,98505904
2012-01-10,60.84,60.86,60.21,60.46,64581820
2012-01-11,60.38,60.41,59.90,60.36,53798120
2012-01-12,60.33,60.41,59.82,60.20,53180964
2012-01-13,59.96,60.06,59.81,59.97,56539792
2012-01-17,60.60,60.86,60.42,60.67,60724100
2012-01-18,60.99,61.35,60.90,61.30,69197832
2012-01-19,61.45,61.62,60.93,61.11,65434504
2012-01-20,61.07,61.07,59.96,60.04,103492336
2012-01-23,60.38,61.21,60.33,61.06,76515512
2012-01-24,60.73,60.73,59.94,60.06,136909504
2012-01-25,64.92,64.92,63.39,63.81,239566112
2012-01-26,64.05,64.11,63.31,63.52,81057784
2012-01-27,63.48,64.07,63.40,63.90,74971712
2012-01-30,63.67,64.84,63.63,64.72,94832160
2012-01-31,65.08,65.46,64.72,65.21,97978080
2012-02-01,65.49,65.57,65.08,65.17,67510640
2012-02-02,65.13,65.31,64.85,65.02,46698608
2012-02-03,65.33,65.71,65.08,65.67,71717064
2012-02-06,65.48,66.43,65.46,66.28,62420652
2012-02-07,66.46,67.11,66.37,66.98,79055344
2012-02-08,67.21,68.11,67.10,68.10,101969376
2012-02-09,68.68,70.96,68.65,70.45,221053840
2012-02-10,70.14,71.09,69.79,70.49,157825184
2012-02-13,71.36,71.98,71.01,71.80,129301776
2012-02-14,72.09,72.79,71.71,72.78,115483136
2012-02-15,73.47,75.18,70.98,71.10,376528352
2012-02-16,70.21,72.13,69.52,71.74,236137680
2012-02-17,71.87,72.54,71.47,71.73,133947320
2012-02-21,72.41,73.55,72.02,73.55,151396592
2012-02-22,73.30,73.64,72.72,73.29,120823928
2012-02-23,73.58,73.98,72.79,73.77,142006512
2012-02-24,74.24,74.70,74.09,74.63,103820000
2012-02-27,74.47,75.50,73.75,75.11,136895504
2012-02-28,75.42,76.49,75.12,76.49,150096608
2012-02-29,77.37,78.23,76.53,77.49,238000576
2012-03-01,78.31,78.32,76.97,77.78,170813392
2012-03-02,77.75,78.11,77.50,77.88,107927696
2012-03-05,77.92,78.21,75.14,76.17,202280384
2012-03-06,74.81,76.24,73.75,75.75,202559824
2012-03-07,76.69,76.83,74.76,75.81,199629776
2012-03-08,76.38,77.57,76.02,77.43,129110816
2012-03-09,77.74,78.25,77.59,77.88,104724840
2012-03-12,78.43,78.86,78.14,78.86,101820136
2012-03-13,79.65,81.17,79.39,81.16,172712800
2012-03-14,82.58,84.96,82.20,84.23,354710080
2012-03-15,85.66,85.72,82.65,83.65,289918112
2012-03-16,83.53,84.17,82.57,83.65,206372080
2012-03-19,85.48,85.97,84.15,85.87,225309056
2012-03-20,85.64,86.70,83.14,86.57,204167248
2012-03-21,86.11,87.09,85.92,86.07,161010576
2012-03-22,85.40,86.36,85.08,85.62,156033072
2012-03-23,85.78,85.97,84.91,85.15,107621936
2012-03-26,85.68,86.74,85.04,86.71,148934384
2012-03-27,86.60,88.04,86.58,87.78,151782320
2012-03-28,88.34,88.78,87.19,88.23,163865008
2012-03-29,87.54,88.08,86.75,87.12,152059648
2012-03-30,86.97,87.22,85.42,85.65,182759536
2012-04-02,85.98,88.40,85.77,88.38,149586560
2012-04-03,89.61,90.32,88.93,89.90,208638624
2012-04-04,89.19,89.41,88.14,89.19,143245232
2012-04-05,89.57,90.67,89.06,90.53,160318976
2012-04-09,89.45,91.41,89.33,90.89,149384176
2012-04-10,91.42,92.00,89.43,89.78,222422704
2012-04-11,90.89,90.98,89.05,89.46,174153008
2012-04-12,89.29,90.19,88.64,88.97,153582288
2012-04-13,89.16,89.24,86.22,86.46,214911296
2012-04-16,87.15,87.18,82.61,82.88,262696256
2012-04-17,82.71,87.14,81.70,87.10,256371728
2012-04-18,87.67,88.61,86.10,86.91,238632704
2012-04-19,85.75,86.39,83.50,83.92,208678608
2012-04-20,84.48,84.95,81.49,81.85,257744064
2012-04-23,81.52,82.38,79.52,81.67,241629712
2012-04-24,80.37,81.10,79.29,80.04,269100096
2012-04-25,87.95,88.29,86.57,87.14,226427936
2012-04-26,87.75,87.81,86.02,86.81,134016424
2012-04-27,86.44,86.60,85.79,86.14,101692600
2012-04-30,85.40,85.49,83.29,83.43,126535152
2012-05-01,83.56,85.25,83.03,83.16,152749680
2012-05-02,82.89,83.91,82.69,83.71,106906128
2012-05-03,84.36,84.49,82.90,83.12,97637160
2012-05-04,82.44,82.62,80.74,80.75,132497592
2012-05-07,80.21,81.82,80.18,81.35,115073336
2012-05-08,81.37,81.64,79.82,81.17,124312848
2012-05-09,80.53,82.00,80.12,81.31,120176008
2012-05-10,82.08,82.27,81.21,81.50,83317832
2012-05-11,80.71,82.07,80.62,80.96,99886440
2012-05-14,80.37,81.07,79.66,79.75,88156200
2012-05-15,80.21,80.46,78.82,79.02,119076840
2012-05-16,79.15,79.56,77.29,78.01,140224032
2012-05-17,77.90,78.21,75.73,75.73,179304896
2012-05-18,76.28,77.63,74.60,75.77,183072688
2012-05-21,76.36,80.22,76.29,80.18,157772992
2012-05-22,81.36,81.98,78.94,79.57,173696944
2012-05-23,79.64,81.83,79.03,81.51,146224544
2012-05-24,82.27,82.36,80.18,80.76,124049648
2012-05-25,80.66,80.84,79.78,80.33,82116648
2012-05-29,81.56,82.00,80.76,81.75,95126432
2012-05-30,81.31,82.86,80.94,82.74,132355352
2012-05-31,82.96,83.07,81.64,82.53,122977688
2012-06-01,81.31,81.81,80.07,80.14,130245264
2012-06-04,80.21,81.07,78.36,80.61,139247280
2012-06-05,80.18,80.92,79.76,80.40,97053488
2012-06-06,81.11,81.98,80.79,81.64,100362352
2012-06-07,82.47,82.47,81.50,81.67,94993264
2012-06-08,81.66,82.94,81.29,82.90,86872960
2012-06-11,83.96,84.07,81.52,81.60,147815840
2012-06-12,82.07,82.37,80.96,82.31,108895064
2012-06-13,82.07,82.64,81.48,81.74,73443312
2012-06-14,81.61,81.93,81.04,81.65,86460368
2012-06-15,81.57,82.09,81.36,82.02,83813464
2012-06-18,81.57,83.98,81.48,83.68,110102896
2012-06-19,83.34,84.29,83.30,83.92,90351032
2012-06-20,84.03,84.18,82.97,83.68,89789744
2012-06-21,83.63,84.03,82.49,82.52,81626344
2012-06-22,82.72,83.17,82.20,83.16,71186384
2012-06-25,82.47,82.83,81.48,81.54,76088736
2012-06-26,81.62,82.07,81.05,81.72,69187576
2012-06-27,82.14,82.39,81.70,82.07,50764812
2012-06-28,81.67,82.00,80.80,81.29,70760608
2012-06-29,82.57,83.43,82.04,83.43,105360144
2012-07-02,83.53,84.78,83.37,84.65,100022880
2012-07-03,84.98,85.71,84.86,85.63,60428220
2012-07-05,85.79,87.76,85.66,87.13,121095304
2012-07-06,86.73,86.92,85.94,86.55,104757264
2012-07-09,86.47,87.70,86.30,87.70,94850312
2012-07-10,88.28,88.55,86.47,86.89,127989472
2012-07-11,86.59,86.81,85.32,86.35,117329496
2012-07-12,85.75,86.21,84.67,85.56,106997272
2012-07-13,86.14,86.74,85.71,86.42,77904528
2012-07-16,86.45,87.37,86.43,86.70,75326416
2012-07-17,87.26,87.36,86.16,86.71,73453096
2012-07-18,86.66,86.91,86.22,86.61,63174952
2012-07-19,87.33,87.91,86.57,87.76,109214680
2012-07-20,87.58,87.78,86.24,86.33,99367560
2012-07-23,84.91,86.56,83.96,86.26,121993880
2012-07-24,86.77,87.10,85.50,85.85,141283216
2012-07-25,82.07,82.97,81.43,82.14,219314592
2012-07-26,82.82,82.91,81.48,82.13,101702688
2012-07-27,82.14,83.69,81.66,83.59,101013360
2012-07-30,84.42,85.63,83.97,85.00,94785072
2012-07-31,86.18,87.39,86.10,87.25,115581792
2012-08-01,87.99,88.06,86.14,86.69,96124832
2012-08-02,86.12,87.24,85.75,86.83,83062272
2012-08-03,87.66,88.28,87.37,87.96,86228680
2012-08-06,88.18,89.27,87.89,88.94,75580088
2012-08-07,88.97,89.29,88.29,88.70,72627560
2012-08-08,88.48,89.13,88.16,88.55,61176148
2012-08-09,88.26,88.82,88.26,88.68,55452636
2012-08-10,88.39,88.82,88.39,88.81,48765088
2012-08-13,89.06,90.00,89.04,90.00,69707544
2012-08-14,90.27,91.23,90.03,90.24,85041912
2012-08-15,90.19,90.57,89.68,90.12,64377344
2012-08-16,90.17,90.97,90.07,90.91,63694268
2012-08-17,91.43,92.60,91.26,92.59,110690016
2012-08-20,92.86,95.02,92.84,95.02,153345856
2012-08-21,95.83,96.41,92.90,93.72,203176496
2012-08-22,93.49,95.57,92.59,95.55,141330816
2012-08-23,95.16,95.70,94.45,94.66,105029664
2012-08-24,94.22,95.64,93.65,94.75,109334232
2012-08-27,97.14,97.27,96.22,96.53,106728696
2012-08-28,96.43,96.59,95.81,96.40,66844384
2012-08-29,96.46,96.81,96.09,96.21,50701136
2012-08-30,95.81,95.94,94.69,94.84,75672864
2012-08-31,95.32,95.51,93.89,95.03,84579688
2012-09-04,95.11,96.45,94.93,96.42,91972704
2012-09-05,96.51,96.62,95.66,95.75,84090568
2012-09-06,96.17,96.90,95.83,96.61,97845768
2012-09-07,96.86,97.50,96.54,97.21,82416224
2012-09-10,97.21,97.61,94.59,94.68,121999032
2012-09-11,95.02,95.73,93.79,94.37,125985008
2012-09-12,95.26,95.70,93.71,95.68,178054640
2012-09-13,96.77,97.93,96.40,97.57,149589808
2012-09-14,98.56,99.57,98.27,98.75,150118448
2012-09-17,99.91,99.97,99.23,99.97,99507584
2012-09-18,99.98,100.33,99.49,100.27,93375776
2012-09-19,100.04,100.57,99.94,100.30,81715072
2012-09-20,99.88,100.01,99.09,99.81,84142024
2012-09-21,100.34,100.72,99.91,100.01,142897248
2012-09-24,98.12,99.30,97.57,98.68,159936384
2012-09-25,98.32,98.97,96.14,96.22,129690528
2012-09-26,95.53,96.10,94.46,95.03,144176064
2012-09-27,94.90,97.45,94.34,97.33,148522224
2012-09-28,96.96,97.30,95.25,95.30,133777192
2012-10-01,95.88,96.68,93.79,94.20,135896000
2012-10-02,94.54,95.19,92.95,94.47,156997840
2012-10-03,94.98,95.98,94.66,95.92,106069816
2012-10-04,95.89,96.32,95.08,95.26,92688896
2012-10-05,95.03,95.14,93.04,93.23,148501280
2012-10-08,92.41,92.51,90.87,91.17,159494992
2012-10-09,91.24,91.50,89.08,90.84,209649088
2012-10-10,91.39,92.14,91.00,91.56,127589072
2012-10-11,92.36,92.46,89.73,89.73,136520192
2012-10-12,89.94,90.77,89.33,89.96,115003776
2012-10-15,90.34,90.73,89.12,90.68,108125064
2012-10-16,90.77,92.90,90.14,92.83,137442960
2012-10-17,92.70,93.26,92.00,92.09,97327744
2012-10-18,91.37,91.72,90.00,90.38,119155576
2012-10-19,90.15,90.25,87.09,87.12,186021216
2012-10-22,87.49,90.77,87.25,90.58,136682480
2012-10-23,90.14,90.56,87.39,87.62,176786352
2012-10-24,88.78,89.51,87.23,88.12,139631888
2012-10-25,88.57,88.86,86.51,87.08,164081504
2012-10-26,87.06,87.71,84.43,86.29,254606048
2012-10-31,84.98,85.99,83.96,85.05,127500592
2012-11-01,85.46,86.14,84.88,85.22,90362024
2012-11-02,85.13,85.28,82.11,82.40,149843264
2012-11-05,83.36,83.97,82.51,83.52,132321304
2012-11-06,84.32,84.39,82.87,83.26,93729136
2012-11-07,81.98,82.08,79.39,79.71,198412336
2012-11-08,80.09,80.32,76.47,76.82,264036576
2012-11-09,77.20,79.27,76.25,78.15,232476736
2012-11-12,79.16,79.21,76.95,77.55,128950656
2012-11-13,76.99,78.64,76.62,77.56,133302760
2012-11-14,77.93,78.21,76.60,76.70,119292104
2012-11-15,76.79,77.07,74.66,75.09,197477584
2012-11-16,75.03,75.71,72.25,75.38,316723104
2012-11-19,77.24,81.07,77.13,80.82,205793152
2012-11-20,81.70,81.71,79.23,80.13,160688016
2012-11-21,80.61,81.05,79.51,80.24,93306840
2012-11-23,81.02,81.71,80.37,81.64,68206648
2012-11-26,82.27,84.29,81.96,84.22,157644640
2012-11-27,84.22,84.35,82.87,83.54,133328632
2012-11-28,82.47,83.69,81.75,83.28,130265088
2012-11-29,84.32,84.89,83.61,84.19,128674688
2012-11-30,83.83,84.06,83.24,83.61,97825072
2012-12-03,84.81,84.94,83.64,83.74,91069192
2012-12-04,83.11,83.11,81.73,82.26,139482480
2012-12-05,81.27,81.32,76.97,76.97,261159616
2012-12-06,75.56,79.04,74.09,78.18,294302144
2012-12-07,79.06,79.31,75.71,76.18,196942000
2012-12-10,75.00,76.93,74.51,75.69,157620784
2012-12-11,77.11,78.51,76.77,77.34,148086096
2012-12-12,78.25,78.29,76.61,77.00,121783208
2012-12-13,75.88,76.81,75.11,75.67,156314752
2012-12-14,73.54,74.02,72.23,72.83,252394720
2012-12-17,72.70,74.29,71.60,74.12,189736256
2012-12-18,75.00,76.41,74.32,76.27,156417232
2012-12-19,75.92,76.24,75.07,75.19,112340544
2012-12-20,75.71,75.74,74.13,74.53,120421960
2012-12-21,73.21,74.24,72.89,74.19,149129712
2012-12-24,74.34,74.89,74.10,74.31,43937020
2012-12-26,74.14,74.21,73.02,73.29,75609096
2012-12-27,73.36,73.75,72.09,73.58,113779776
2012-12-28,72.90,73.50,72.59,72.80,88569336
2012-12-31,72.93,76.49,72.71,76.02,164872896
2013-01-02,79.12,79.29,77.38,78.43,140125024
2013-01-03,78.27,78.52,77.29,77.44,88241056
2013-01-04,76.71,76.95,75.12,75.29,148582032
2013-01-07,74.57,75.61,73.60,74.84,121038296
2013-01-08,75.60,75.98,74.46,75.04,114676880
2013-01-09,74.64,75.00,73.71,73.87,101900064
2013-01-10,75.51,75.53,73.65,74.79,150285440
2013-01-11,74.43,75.05,74.15,74.33,87688840
2013-01-14,71.81,72.50,71.22,71.68,183544544
2013-01-15,71.19,71.28,69.05,69.42,219193184
2013-01-16,70.66,72.78,70.36,72.30,172700256
2013-01-17,72.90,72.96,71.72,71.81,113412696
2013-01-18,71.22,71.75,70.91,71.43,118287352
2013-01-22,72.08,72.55,70.95,72.11,115386280
2013-01-23,72.69,73.57,72.11,73.43,215376096
2013-01-24,65.71,66.53,64.32,64.36,365213312
2013-01-25,64.53,65.18,62.14,62.84,301993856
2013-01-28,62.55,64.74,62.27,64.26,196379088
2013-01-29,65.50,65.74,64.59,65.47,142768112
2013-01-30,65.29,66.09,64.93,65.26,104288432
2013-01-31,65.28,65.61,65.00,65.07,79833304
2013-02-01,65.59,65.64,64.05,64.80,134867168
2013-02-04,64.84,65.13,63.14,63.19,119278888
2013-02-05,63.44,65.68,63.17,65.41,143336736
2013-02-06,65.21,66.64,64.65,65.34,148426128
2013-02-07,66.18,67.14,64.87,66.89,176145264
2013-02-08,67.71,68.40,66.89,67.85,158289088
2013-02-11,68.07,69.28,67.61,68.56,129358672
2013-02-12,68.50,68.91,66.82,66.84,152262928
2013-02-13,66.74,67.66,66.17,66.72,118801320
2013-02-14,66.36,67.38,66.29,66.66,88876600
2013-02-15,66.98,67.17,65.70,65.74,97981288
2013-02-19,65.87,66.10,64.84,65.71,108944336
2013-02-20,65.38,65.38,64.11,64.12,119075048
2013-02-21,63.71,64.17,63.26,63.72,111795280
2013-02-22,64.18,64.51,63.80,64.40,82663744
2013-02-25,64.84,65.02,63.22,63.26,93144560
2013-02-26,63.40,64.51,62.52,64.14,125374160
2013-02-27,64.06,64.63,62.95,63.51,146837072
2013-02-28,63.44,63.98,63.06,63.06,80628816
2013-03-01,62.57,62.60,61.43,61.50,138111936
2013-03-04,61.11,61.17,59.86,60.01,145684592
2013-03-05,60.21,62.17,60.11,61.59,159607216
2013-03-06,62.07,62.18,60.63,60.81,115062400
2013-03-07,60.64,61.72,60.15,61.51,117117936
2013-03-08,61.40,62.20,61.23,61.67,97899088
2013-03-11,61.39,62.72,60.73,62.55,118558504
2013-03-12,62.23,62.70,61.08,61.20,116477600
2013-03-13,61.21,62.07,60.77,61.19,101454304
2013-03-14,61.83,62.09,61.49,61.79,75968832
2013-03-15,62.56,63.46,62.46,63.38,160989968
2013-03-18,63.06,65.35,63.03,65.10,151549248
2013-03-19,65.64,65.85,64.07,64.93,131693424
2013-03-20,65.35,65.38,64.23,64.58,77165232
2013-03-21,64.32,65.43,64.30,64.68,95813496
2013-03-22,64.94,66.01,64.73,65.99,98776192
2013-03-25,66.38,67.14,65.97,66.23,125283552
2013-03-26,66.49,66.55,65.79,65.88,73573488
2013-03-27,65.21,65.26,64.39,64.58,82852384
2013-03-28,64.26,64.55,63.09,63.24,110745688
2013-04-01,63.13,63.39,61.11,61.27,97432576
2013-04-02,61.09,62.59,60.91,61.40,132443384
2013-04-03,61.62,62.47,61.47,61.71,90803816
2013-04-04,61.97,62.14,60.75,61.10,89664728
2013-04-05,60.64,60.71,59.95,60.46,95923584
2013-04-08,60.69,61.07,60.36,60.89,75264808
2013-04-09,60.91,61.21,60.39,61.00,76688192
2013-04-10,61.16,62.44,60.86,62.24,93981848
2013-04-11,61.96,62.57,61.60,62.05,82154192
2013-04-12,62.02,62.02,61.30,61.40,59681344
2013-04-15,61.00,61.13,59.94,59.98,79379776
2013-04-16,60.22,60.94,60.08,60.89,76442840
2013-04-17,60.04,60.09,56.87,57.54,236263680
2013-04-18,57.86,57.97,55.68,56.01,166574288
2013-04-19,55.42,57.09,55.01,55.79,152318368
2013-04-22,56.09,57.46,55.90,56.95,107479560
2013-04-23,57.71,58.34,56.97,58.02,166059088
2013-04-24,56.22,59.32,56.07,57.92,242458624
2013-04-25,58.75,59.13,58.14,58.34,96209248
2013-04-26,58.54,59.82,58.32,59.60,191069168
2013-04-29,60.06,61.95,60.00,61.45,160081312
2013-04-30,62.16,63.61,61.72,63.25,172884496
2013-05-01,63.49,63.56,62.06,62.76,126788832
2013-05-02,63.11,64.08,62.95,63.65,105506296
2013-05-03,64.47,64.75,64.16,64.28,90381880
2013-05-06,65.10,66.03,64.90,65.82,124160304
2013-05-07,66.42,66.54,64.81,65.52,120938168
2013-05-08,65.58,66.48,65.12,66.26,118149144
2013-05-09,65.69,66.14,65.08,65.25,99687560
2013-05-10,65.42,65.67,64.35,64.71,83712568
2013-05-13,64.50,65.41,64.50,64.96,79277376
2013-05-14,64.84,65.03,63.16,63.41,111779064
2013-05-15,62.74,63.00,60.34,61.26,185403312
2013-05-16,60.46,62.55,59.84,62.08,150866608
2013-05-17,62.72,62.87,61.57,61.89,107019936
2013-05-20,61.70,63.69,61.44,63.28,112894088
2013-05-21,62.59,63.64,62.03,62.81,114074352
2013-05-22,63.44,64.05,62.60,63.05,110814976
2013-05-23,62.28,63.74,62.26,63.16,88345312
2013-05-24,62.98,63.67,62.91,63.59,69106720
2013-05-28,64.27,64.44,62.98,63.06,96536280
2013-05-29,62.86,63.93,62.77,63.56,82695760
2013-05-30,63.66,64.93,63.50,64.51,88428736
2013-05-31,64.64,65.30,64.21,64.25,96075152
2013-06-03,64.39,64.62,63.21,64.39,93087928
2013-06-04,64.75,64.92,63.91,64.19,73181600
2013-06-05,63.66,64.39,63.39,63.59,72647408
2013-06-06,63.64,63.86,62.01,62.64,104268552
2013-06-07,62.36,63.32,61.82,63.12,101185784
2013-06-10,63.53,64.15,62.40,62.70,112589152
2013-06-11,62.25,63.25,61.90,62.51,71596096
2013-06-12,62.79,63.04,61.64,61.74,66356728
2013-06-13,61.79,62.45,61.25,62.28,71528152
2013-06-14,62.20,62.33,61.21,61.44,68020976
2013-06-17,61.63,62.24,61.48,61.71,64860504
2013-06-18,61.65,62.13,61.46,61.68,48790488
2013-06-19,61.63,61.67,60.43,60.43,77757856
2013-06-20,59.90,60.85,59.31,59.55,89374640
2013-06-21,59.78,60.00,58.30,59.07,120312424
2013-06-24,58.20,58.38,56.86,57.51,120186536
2013-06-25,57.96,58.26,56.98,57.52,78584864
2013-06-26,57.70,57.83,56.52,56.87,91986656
2013-06-27,57.04,57.34,56.22,56.25,84350144
2013-06-28,55.91,57.18,55.55,56.65,144659568
2013-07-01,57.53,58.90,57.32,58.46,97793136
2013-07-02,58.57,60.23,58.50,59.78,117521720
2013-07-03,60.12,60.43,59.64,60.11,60232220
2013-07-05,60.06,60.47,59.34,59.63,68520832
2013-07-08,60.02,60.14,58.66,59.29,74578488
2013-07-09,59.09,60.50,58.63,60.34,88172336
2013-07-10,59.94,60.69,59.75,60.10,70350888
2013-07-11,60.42,61.18,60.17,61.04,81619048
2013-07-12,61.09,61.40,60.49,60.93,69910544
2013-07-15,60.72,61.64,60.69,61.06,60543172
2013-07-16,60.93,61.53,60.60,61.46,54134416
2013-07-17,61.39,61.75,61.17,61.47,49764112
2013-07-18,61.91,62.12,61.52,61.68,54760864
2013-07-19,61.87,62.00,60.62,60.71,67194792
2013-07-22,61.35,61.39,60.78,60.90,51997640
2013-07-23,60.86,60.99,59.82,59.86,92348496
2013-07-24,62.70,63.51,62.18,62.93,148013968
2013-07-25,62.96,63.06,62.26,62.64,57420700
2013-07-26,62.19,63.01,62.05,63.00,50068812
2013-07-29,62.97,64.28,62.89,63.97,62110348
2013-07-30,64.28,65.31,64.18,64.76,77355656
2013-07-31,65.00,65.33,64.20,64.65,80739416
2013-08-01,65.11,65.26,64.75,65.24,51562380
2013-08-02,65.43,66.12,65.24,66.08,68695384
2013-08-05,66.38,67.24,66.02,67.06,79713672
2013-08-06,66.86,67.41,66.02,66.46,83728616
2013-08-07,66.26,66.71,65.97,66.43,74714056
2013-08-08,66.26,66.30,65.42,65.86,63999916
2013-08-09,65.52,65.78,64.81,64.92,66905276
2013-08-12,65.27,66.95,65.23,66.77,91108376
2013-08-13,67.28,70.67,66.86,69.94,220485104
2013-08-14,71.13,72.04,70.49,71.21,189093152
2013-08-15,70.92,71.77,69.87,71.13,122573592
2013-08-16,71.45,71.85,71.27,71.76,90575936
2013-08-19,72.05,73.39,72.00,72.53,127629616
2013-08-20,72.82,72.94,71.55,71.58,89671840
2013-08-21,71.94,72.45,71.60,71.77,83969376
2013-08-22,72.14,72.23,71.17,71.85,61051736
2013-08-23,71.90,71.91,71.34,71.57,55682268
2013-08-26,71.54,72.89,71.50,71.85,82741120
2013-08-27,71.14,71.79,69.47,69.80,106047208
2013-08-28,69.43,70.83,69.43,70.13,76901744
2013-08-29,70.24,70.93,70.16,70.24,59913772
2013-08-30,70.29,70.42,69.50,69.60,68100856
2013-09-03,70.44,71.51,69.62,69.80,83025248
2013-09-04,71.37,71.75,70.90,71.24,86257968
2013-09-05,71.46,71.53,70.52,70.75,59091924
2013-09-06,71.21,71.34,69.99,71.17,89881352
2013-09-09,72.14,72.56,71.93,72.31,85171656
2013-09-10,72.31,72.49,69.93,70.66,185799008
2013-09-11,66.72,67.67,66.40,66.82,224673680
2013-09-12,66.93,67.91,66.57,67.53,101012568
2013-09-13,67.05,67.40,66.39,66.41,74708504
2013-09-16,65.86,65.94,63.89,64.30,137137760
2013-09-17,63.99,65.67,63.93,65.05,99844872
2013-09-18,66.17,66.62,65.81,66.38,114215424
2013-09-19,67.24,67.98,67.04,67.47,101134816
2013-09-20,68.29,68.36,66.57,66.77,174825456
2013-09-23,70.87,70.99,68.94,70.09,190526752
2013-09-24,70.70,70.78,69.69,69.87,91085840
2013-09-25,69.89,69.95,68.78,68.79,79239264
2013-09-26,69.43,69.79,69.13,69.46,59305236
2013-09-27,69.11,69.24,68.67,68.96,57009780
2013-09-30,68.18,68.81,67.77,68.11,65039472
2013-10-01,68.35,69.88,68.34,69.71,88470736
2013-10-02,69.38,70.26,69.11,69.94,72295960
2013-10-03,70.07,70.34,68.68,69.06,80688592
2013-10-04,69.12,69.23,68.37,69.00,64717444
2013-10-07,69.51,70.38,69.34,69.68,78073184
2013-10-08,69.99,70.09,68.65,68.71,72729088
2013-10-09,69.23,69.68,68.33,69.51,75431288
2013-10-10,70.19,70.34,69.58,69.95,69650560
2013-10-11,69.57,70.55,69.31,70.40,66934996
2013-10-14,69.98,71.08,69.91,70.86,65474620
2013-10-15,71.07,71.71,70.79,71.24,80018688
2013-10-16,71.54,71.79,71.32,71.59,62775076
2013-10-17,71.43,72.11,71.38,72.07,63398404
2013-10-18,72.28,72.75,72.24,72.70,72635656
2013-10-21,73.11,74.90,73.07,74.48,99527056
2013-10-22,75.20,75.49,72.58,74.27,133515896
2013-10-23,74.14,75.10,74.14,74.99,78431192
2013-10-24,75.00,76.07,74.64,75.99,96191200
2013-10-25,75.90,76.18,75.02,75.14,84448224
2013-10-28,75.58,75.86,74.74,75.70,137610256
2013-10-29,76.61,77.04,73.51,73.81,158952272
2013-10-30,74.23,75.36,73.86,74.99,88540784
2013-10-31,75.00,75.36,74.47,74.67,68923856
2013-11-01,74.86,74.97,73.69,74.29,68722376
2013-11-04,74.44,75.26,74.12,75.25,61157096
2013-11-05,74.94,75.55,74.71,75.06,66368136
2013-11-06,74.88,74.98,74.03,74.42,55844208
2013-11-07,74.23,74.74,73.20,73.21,65655164
2013-11-08,73.51,74.45,73.23,74.37,69829616
2013-11-11,74.28,74.52,73.49,74.15,56863360
2013-11-12,73.95,74.85,73.86,74.29,51114704
2013-11-13,74.00,74.61,73.85,74.38,49304976
2013-11-14,74.69,75.61,74.55,75.45,70605160
2013-11-15,75.23,75.58,74.93,75.00,79479840
2013-11-18,75.00,75.31,74.03,74.09,61236284
2013-11-19,74.15,74.77,74.00,74.22,52234760
2013-11-20,74.18,74.35,73.48,73.57,48545848
2013-11-21,73.94,74.46,73.38,74.45,65506928
2013-11-22,74.22,74.59,74.08,74.26,55931288
2013-11-25,74.43,75.12,74.43,74.82,57348460
2013-11-26,74.87,76.59,74.86,76.20,100345832
2013-11-27,76.62,78.00,76.20,77.99,90861928
2013-11-29,78.50,79.76,78.26,79.44,79532296
2013-12-02,79.71,80.62,78.69,78.75,118136000
2013-12-03,79.76,80.91,79.67,80.90,112741848
2013-12-04,80.79,81.31,80.12,80.71,94452760
2013-12-05,81.81,82.16,80.92,81.13,111895424
2013-12-06,80.83,80.96,79.94,80.00,86088440
2013-12-09,80.13,81.37,80.13,80.92,80123616
2013-12-10,80.51,81.13,80.17,80.79,69567680
2013-12-11,81.00,81.57,79.96,80.19,89929784
2013-12-12,80.31,80.76,80.00,80.08,65572384
2013-12-13,80.41,80.41,79.10,79.20,83205368
2013-12-16,79.29,80.38,79.29,79.64,70648520
2013-12-17,79.40,79.92,79.05,79.28,57475708
2013-12-18,78.53,78.78,76.97,78.68,141465952
2013-12-19,78.50,78.57,77.68,77.78,80239448
2013-12-20,77.92,78.80,77.83,78.43,109103544
2013-12-23,81.14,81.53,80.39,81.44,125326960
2013-12-24,81.41,81.70,80.86,81.10,41888776
2013-12-26,81.16,81.36,80.48,80.56,51002088
2013-12-27,80.55,80.63,79.93,80.01,56471372
2013-12-30,79.64,80.01,78.90,79.22,63407784
2013-12-31,79.17,80.18,79.14,80.15,55819428
2014-01-02,79.38,79.58,78.86,79.02,58792016
2014-01-03,78.98,79.10,77.20,77.28,98303968
2014-01-06,76.78,78.11,76.23,77.70,103359256
2014-01-07,77.76,77.99,76.85,77.15,79432848
2014-01-08,76.97,77.94,76.96,77.64,64686748
2014-01-09,78.11,78.12,76.48,76.65,69905272
2014-01-10,77.12,77.26,75.87,76.13,76320744
2014-01-13,75.70,77.50,75.70,76.53,94860936
2014-01-14,76.89,78.10,76.81,78.06,83734456
2014-01-15,79.07,80.03,78.81,79.62,98472720
2014-01-16,79.27,79.55,78.81,79.18,57471388
2014-01-17,78.78,78.87,77.13,77.24,108426800
2014-01-21,77.28,78.58,77.20,78.44,82255624
2014-01-22,78.70,79.61,78.26,78.79,95219432
2014-01-23,78.56,79.50,77.83,79.45,100978448
2014-01-24,79.14,79.37,77.82,78.01,108384544
2014-01-27,78.58,79.26,77.96,78.64,144219296
2014-01-28,72.68,73.57,71.72,72.36,266833840
2014-01-29,71.99,72.48,71.23,71.54,125942920
2014-01-30,71.79,72.36,70.96,71.40,169762960
2014-01-31,70.74,71.65,70.51,71.51,116336560
2014-02-03,71.80,72.53,71.33,71.65,100620872
2014-02-04,72.26,72.78,71.82,72.68,94273640
2014-02-05,72.37,73.61,72.32,73.23,82322240
2014-02-06,72.87,73.36,72.54,73.22,64497288
2014-02-07,74.48,74.70,73.91,74.24,93638696
2014-02-10,74.09,76.00,74.00,75.57,86451112
2014-02-11,75.80,76.82,75.64,76.57,70672320
2014-02-12,76.71,77.08,76.18,76.56,77127144
2014-02-13,76.38,77.84,76.31,77.78,76960232
2014-02-14,77.50,78.00,77.32,77.71,68468104
2014-02-18,78.00,78.74,77.94,78.00,65306312
2014-02-19,77.82,78.13,76.34,76.77,78554496
2014-02-20,76.14,76.71,75.57,75.88,76529176
2014-02-21,76.11,76.37,74.94,75.04,69757320
2014-02-24,74.74,75.70,74.63,75.36,72365024
2014-02-25,75.63,75.65,74.43,74.58,58247408
2014-02-26,74.80,75.00,73.66,73.91,69131352
2014-02-27,73.88,75.54,73.72,75.38,75557400
2014-02-28,75.58,76.11,74.59,75.18,93074744
2014-03-03,74.77,75.81,74.69,75.39,59784552
2014-03-04,75.86,76.09,75.40,75.89,64884900
2014-03-05,75.85,76.39,75.59,76.05,50065568
2014-03-06,76.11,76.35,75.44,75.82,46423156
2014-03-07,75.87,76.00,75.15,75.78,55415296
2014-03-10,75.48,76.19,75.48,75.85,44691476
2014-03-11,76.49,76.96,76.08,76.58,70198920
2014-03-12,76.36,76.76,76.00,76.66,50195512
2014-03-13,76.78,77.09,75.59,75.81,64435672
2014-03-14,75.54,75.84,74.71,74.96,59299552
2014-03-17,75.39,75.71,75.12,75.25,49886124
2014-03-18,75.13,76.00,75.03,75.91,52411916
2014-03-19,76.04,76.61,75.57,75.89,56189016
2014-03-20,75.70,76.10,75.34,75.53,52099588
2014-03-21,75.99,76.25,75.19,76.12,93612264
2014-03-24,76.92,77.21,76.44,77.03,88924960
2014-03-25,77.36,77.96,77.08,77.86,70573424
2014-03-26,78.07,78.43,76.98,77.11,74942296
2014-03-27,77.14,77.36,76.45,76.78,55507732
2014-03-28,76.90,76.99,76.32,76.69,50141112
2014-03-31,77.03,77.26,76.56,76.68,42167232
2014-04-01,76.82,77.41,76.68,77.38,50189736
2014-04-02,77.48,77.64,77.18,77.51,45104916
2014-04-03,77.34,77.50,76.81,76.97,40648152
2014-04-04,77.12,77.14,75.80,75.97,68812552
2014-04-07,75.43,75.84,74.56,74.78,72462600
2014-04-08,75.03,75.16,74.10,74.78,60971944
2014-04-09,74.66,75.78,74.57,75.76,51542772
2014-04-10,75.81,76.03,74.74,74.78,59912876
2014-04-11,74.14,74.69,73.88,74.23,67975080
2014-04-14,74.56,74.59,73.89,74.53,51445228
2014-04-15,74.32,74.52,73.05,73.99,66622644
2014-04-16,74.01,74.44,73.45,74.14,53733048
2014-04-17,74.29,75.39,74.17,74.99,71106792
2014-04-21,75.05,76.02,74.85,75.88,45668976
2014-04-22,75.47,75.98,75.21,75.96,50664504
2014-04-23,75.58,75.88,74.92,74.96,98735360
2014-04-24,81.17,81.43,80.10,81.11,189978272
2014-04-25,80.65,81.71,80.57,81.71,97568912
2014-04-28,81.83,85.11,81.79,84.87,167371840
2014-04-29,84.82,85.14,84.22,84.62,84344760
2014-04-30,84.66,85.63,84.26,84.30,114221000
2014-05-01,84.57,84.97,83.77,84.50,61052480
2014-05-02,84.62,84.89,84.24,84.65,47878620
2014-05-05,84.31,85.86,84.29,85.85,71766832
2014-05-06,85.97,86.34,84.92,84.92,93641464
2014-05-07,85.04,85.33,83.96,84.62,70716056
2014-05-08,84.04,84.92,83.77,84.00,57574420
2014-05-09,83.51,83.75,82.90,83.65,72899568
2014-05-12,83.93,84.81,83.91,84.69,53324732
2014-05-13,84.57,84.93,84.39,84.82,39934632
2014-05-14,84.63,85.34,84.53,84.84,41600888
2014-05-15,84.96,85.23,84.01,84.12,57711788
2014-05-16,84.09,85.36,83.63,85.36,69091904
2014-05-19,85.41,86.76,85.33,86.37,79439104
2014-05-20,86.36,86.63,85.82,86.39,58709044
2014-05-21,86.26,86.67,86.01,86.62,49249964
2014-05-22,86.66,87.12,86.30,86.75,50218996
2014-05-23,86.75,87.82,86.64,87.73,58052548
2014-05-27,87.98,89.41,87.95,89.38,87216696
2014-05-28,89.43,89.98,89.11,89.14,78921960
2014-05-29,89.69,90.98,89.68,90.77,94118728
2014-05-30,91.14,92.02,89.84,90.43,141005280
2014-06-02,90.57,90.69,88.93,89.81,92337992
2014-06-03,89.78,91.25,89.75,91.08,73231696
2014-06-04,91.06,92.56,90.87,92.12,83870608
2014-06-05,92.31,92.77,91.80,92.48,75951216
2014-06-06,92.84,93.04,92.07,92.22,87621000
2014-06-09,92.70,93.88,91.75,93.70,75414800
2014-06-10,94.73,95.05,93.57,94.25,62777040
2014-06-11,94.13,94.76,93.47,93.86,45681112
2014-06-12,94.04,94.12,91.90,92.29,54748792
2014-06-13,92.20,92.44,90.88,91.28,54525280
2014-06-16,91.51,92.75,91.45,92.20,35561272
2014-06-17,92.31,92.70,91.80,92.08,29726348
2014-06-18,92.27,92.29,91.35,92.18,33514108
2014-06-19,92.29,92.30,91.34,91.86,35527688
2014-06-20,91.85,92.55,90.90,90.91,100898064
2014-06-23,91.32,91.62,90.60,90.83,43694392
2014-06-24,90.75,91.74,90.19,90.28,39036088
2014-06-25,90.21,90.70,89.65,90.36,36868540
2014-06-26,90.37,91.05,89.80,90.90,32629360
2014-06-27,90.82,92.00,90.77,91.98,64028804
2014-06-30,92.10,93.72,92.09,92.93,49589028
2014-07-01,93.52,94.07,93.13,93.52,38223476
2014-07-02,93.86,94.06,93.09,93.48,28465072
2014-07-03,93.67,94.10,93.20,94.03,22891752
2014-07-07,94.14,95.99,94.10,95.97,56467940
2014-07-08,96.27,96.80,93.92,95.35,65221680
2014-07-09,95.44,95.95,94.76,95.39,36436440
2014-07-10,93.76,95.55,93.52,95.04,39685552
2014-07-11,95.36,95.89,94.86,95.22,34018228
2014-07-14,95.86,96.89,95.65,96.45,42810156
2014-07-15,96.80,96.85,95.03,95.32,45696176
2014-07-16,96.97,97.10,94.74,94.78,53502416
2014-07-17,95.03,95.28,92.57,93.09,57298244
2014-07-18,93.62,94.74,93.02,94.43,49987592
2014-07-21,94.99,95.00,93.72,93.94,39079000
2014-07-22,94.68,94.89,94.12,94.72,55196596
2014-07-23,95.42,97.88,95.17,97.19,92917720
2014-07-24,97.04,97.32,96.42,97.03,45728844
2014-07-25,96.85,97.84,96.64,97.67,43469116
2014-07-28,97.82,99.24,97.55,99.02,55317688
2014-07-29,99.33,99.44,98.25,98.38,43143096
2014-07-30,98.44,98.70,97.67,98.15,33010000
2014-07-31,97.16,97.45,95.33,95.60,56842648
2014-08-01,94.90,96.62,94.81,96.13,48511288
2014-08-04,96.37,96.58,95.17,95.59,39958144
2014-08-05,95.36,95.68,94.36,95.12,55932664
2014-08-06,94.75,95.48,94.71,94.96,38558344
2014-08-07,94.93,95.95,94.10,94.48,46711180
2014-08-08,94.26,94.82,93.28,94.74,41865192
2014-08-11,95.27,96.08,94.84,95.99,36584844
2014-08-12,96.04,96.88,95.61,95.97,33795352
2014-08-13,96.15,97.24,96.04,97.24,31916440
2014-08-14,97.33,97.57,96.80,97.50,28115566
2014-08-15,97.90,98.19,96.86,97.98,48951332
2014-08-18,98.49,99.37,97.98,99.16,47572412
2014-08-19,99.41,100.68,99.32,100.53,69399272
2014-08-20,100.44,101.09,99.95,100.57,52699192
2014-08-21,100.57,100.94,100.11,100.58,33478198
2014-08-22,100.29,101.47,100.19,101.32,44183832
2014-08-25,101.79,102.17,101.28,101.54,40270172
2014-08-26,101.42,101.50,100.86,100.89,33151984
2014-08-27,101.02,102.57,100.70,102.13,52369012
2014-08-28,101.59,102.78,101.56,102.25,68459800
2014-08-29,102.86,102.90,102.20,102.50,44595248
2014-09-02,103.06,103.74,102.72,103.30,53564264
2014-09-03,103.10,103.20,98.58,98.94,125420520
2014-09-04,98.85,100.09,97.79,98.12,85718224
2014-09-05,98.80,99.39,98.31,98.97,58457036
2014-09-08,99.30,99.31,98.05,98.36,46356744
2014-09-09,99.08,103.08,96.14,97.99,189846256
2014-09-10,98.01,101.11,97.76,101.00,100869584
2014-09-11,100.41,101.44,99.62,101.43,62399744
2014-09-12,101.21,102.19,101.08,101.66,64096904
2014-09-15,102.81,103.05,101.44,101.63,61316516
2014-09-16,99.80,101.26,98.89,100.86,66908132
2014-09-17,101.27,101.80,100.59,101.58,60926496
2014-09-18,101.93,102.35,101.56,101.79,37299436
2014-09-19,102.29,102.35,100.88,100.96,70902408
2014-09-22,101.80,102.14,100.58,101.06,52788424
2014-09-23,100.60,102.94,100.54,102.64,63402196
2014-09-24,102.16,102.85,101.20,101.75,60171828
2014-09-25,100.51,100.71,97.72,97.87,100091992
2014-09-26,98.53,100.75,98.40,100.75,62370500
2014-09-29,98.65,100.43,98.63,100.11,49766312
2014-09-30,100.81,101.54,100.53,100.75,55264140
2014-10-01,100.59,100.69,98.70,99.18,51491288
2014-10-02,99.27,100.22,98.04,99.90,47757828
2014-10-03,99.44,100.21,99.04,99.62,43469584
2014-10-06,99.95,100.65,99.42,99.62,37051184
2014-10-07,99.43,100.12,98.73,98.75,42094184
2014-10-08,98.76,101.11,98.31,100.80,57404672
2014-10-09,101.54,102.38,100.61,101.02,77376528
2014-10-10,100.69,102.03,100.30,100.73,66331592
2014-10-13,101.33,101.78,99.81,99.81,53583368
2014-10-14,100.39,100.52,98.57,98.75,63688560
2014-10-15,97.97,99.15,95.18,97.54,100933600
2014-10-16,95.55,97.72,95.41,96.26,72154520
2014-10-17,97.50,99.00,96.81,97.67,68179688
2014-10-20,98.32,99.96,98.22,99.76,77517280
2014-10-21,103.02,103.02,101.27,102.47,94623904
2014-10-22,102.84,104.11,102.60,102.99,68263144
2014-10-23,104.08,105.05,103.63,104.83,71074672
2014-10-24,105.18,105.49,104.53,105.22,47053916
2014-10-27,104.85,105.48,104.70,105.11,34187700
2014-10-28,105.40,106.74,105.35,106.74,48060948
2014-10-29,106.65,107.37,106.36,107.34,52687880
2014-10-30,106.96,107.35,105.90,106.98,40654792
2014-10-31,108.01,108.04,107.21,108.00,44639284
2014-11-03,108.22,110.30,108.01,109.40,52282552
2014-11-04,109.36,109.49,107.72,108.60,41574364
2014-11-05,109.10,109.30,108.13,108.86,37435904
2014-11-06,108.60,108.79,107.80,108.70,34968456
2014-11-07,108.75,109.32,108.55,109.01,33691536
2014-11-10,109.02,109.33,108.67,108.83,27195548
2014-11-11,108.70,109.75,108.40,109.70,27442252
2014-11-12,109.38,111.43,109.37,111.25,46942432
2014-11-13,111.80,113.45,111.60,112.82,59522856
2014-11-14,113.15,114.19,113.05,114.18,44063596
2014-11-17,114.27,117.28,113.30,113.99,46746712
2014-11-18,113.94,115.69,113.89,115.47,44223976
2014-11-19,115.44,115.74,113.80,114.67,41869160
2014-11-20,114.91,116.86,114.85,116.31,43395536
2014-11-21,117.51,117.57,116.03,116.47,57179296
2014-11-24,116.85,118.77,116.62,118.63,47450824
2014-11-25,119.07,119.75,117.45,117.60,68840440
2014-11-26,117.94,119.10,117.83,119.00,40831888
2014-11-28,119.27,119.40,118.05,118.93,24814402
2014-12-01,118.81,119.25,111.27,115.07,83814040
2014-12-02,113.50,115.75,112.75,114.63,59348940
2014-12-03,115.75,116.35,115.11,115.93,43063440
2014-12-04,115.77,117.20,115.29,115.49,42155776
2014-12-05,115.99,116.08,114.64,115.00,38318896
2014-12-08,114.10,114.65,111.62,112.40,57664848
2014-12-09,110.19,114.30,109.35,114.12,60208036
2014-12-10,114.41,114.85,111.54,111.95,44565320
2014-12-11,112.26,113.80,111.34,111.62,41471576
2014-12-12,110.46,111.87,109.58,109.73,56028136
2014-12-15,110.70,111.60,106.35,108.22,67218080
2014-12-16,106.37,110.16,106.26,106.75,60790732
2014-12-17,107.12,109.84,106.82,109.41,53411772
2014-12-18,111.87,112.65,110.66,112.65,59006216
2014-12-19,112.26,113.24,111.66,111.78,88429768
2014-12-22,112.16,113.49,111.97,112.94,45167548
2014-12-23,113.23,113.33,112.46,112.54,26028420
2014-12-24,112.58,112.71,112.01,112.01,14479611
2014-12-26,112.10,114.52,112.01,113.99,33720952
2014-12-29,113.79,114.77,113.70,113.91,27598920
2014-12-30,113.64,113.92,112.11,112.52,29881476
2014-12-31,112.82,113.13,110.21,110.38,41403352
2015-01-02,111.39,111.44,107.35,109.33,53204624
2015-01-05,108.29,108.65,105.41,106.25,64285492
2015-01-06,106.54,107.43,104.63,106.26,65797116
2015-01-07,107.20,108.20,106.69,107.75,40105936
2015-01-08,109.23,112.15,108.70,111.89,59364548
2015-01-09,112.67,113.25,110.21,112.01,53699528
2015-01-12,112.60,112.63,108.80,109.25,49650792
2015-01-13,111.43,112.80,108.91,110.22,67091928
2015-01-14,109.04,110.49,108.50,109.80,48956588
2015-01-15,110.00,110.06,106.66,106.82,60013996
2015-01-16,107.03,107.58,105.20,105.99,78513344
2015-01-20,107.84,108.97,106.50,108.72,49899908
2015-01-21,108.95,111.06,108.27,109.55,48575896
2015-01-22,110.26,112.47,109.72,112.40,53796408
2015-01-23,112.30,113.75,111.53,112.98,46464828
2015-01-26,113.74,114.36,112.80,113.10,55614980
2015-01-27,112.42,112.48,109.03,109.14,95568752
2015-01-28,117.63,118.12,115.31,115.31,146477056
2015-01-29,116.32,119.19,115.56,118.90,84436432
2015-01-30,118.40,120.00,116.85,117.16,83745464
2015-02-02,118.05,119.17,116.08,118.63,62739100
2015-02-03,118.50,119.09,117.61,118.65,51915748
2015-02-04,118.50,120.51,118.31,119.56,70149744
2015-02-05,120.02,120.23,119.25,119.94,42246244
2015-02-06,120.02,120.25,118.45,118.93,43706568
2015-02-09,118.55,119.84,118.43,119.72,38889796
2015-02-10,120.17,122.15,120.16,122.02,62008504
2015-02-11,122.77,124.92,122.50,124.88,73561800
2015-02-12,126.06,127.48,125.57,126.46,74474464
2015-02-13,127.28,127.28,125.65,127.08,54272220
2015-02-17,127.49,128.88,126.92,127.83,63152404
2015-02-18,127.63,128.78,127.45,128.71,44891736
2015-02-19,128.48,129.03,128.33,128.45,37362380
2015-02-20,128.62,129.50,128.05,129.49,48948420
2015-02-23,130.02,133.00,129.66,133.00,70974112
2015-02-24,132.94,133.60,131.17,132.17,69228128
2015-02-25,131.56,131.60,128.15,128.79,74711744
2015-02-26,128.79,130.87,126.61,130.41,91287528
2015-02-27,130.00,130.57,128.24,128.46,62014848
2015-03-02,129.25,130.28,128.30,129.09,48096664
2015-03-03,128.96,129.52,128.09,129.36,37816284
2015-03-04,129.10,129.56,128.32,128.54,31666340
2015-03-05,128.58,128.75,125.76,126.41,56517144
2015-03-06,128.40,129.37,126.26,126.60,72842064
2015-03-09,127.96,129.57,125.06,127.14,88528488
2015-03-10,126.41,127.22,123.80,124.51,68856584
2015-03-11,124.75,124.77,122.11,122.24,68938976
2015-03-12,122.31,124.90,121.63,124.45,48362720
2015-03-13,124.40,125.40,122.58,123.59,51827284
2015-03-16,123.88,124.95,122.87,124.95,35874300
2015-03-17,125.90,127.32,125.65,127.04,51023104
2015-03-18,127.00,129.16,126.37,128.47,65270944
2015-03-19,128.75,129.25,127.40,127.50,45809488
2015-03-20,128.25,128.40,125.16,125.90,68695136
2015-03-23,127.12,127.85,126.52,127.21,37709672
2015-03-24,127.23,128.04,126.56,126.69,32842304
2015-03-25,126.54,126.82,123.38,123.38,51655176
2015-03-26,122.76,124.88,122.60,124.24,47572868
2015-03-27,124.57,124.70,122.91,123.25,39546152
2015-03-30,124.05,126.40,124.00,126.37,47099672
2015-03-31,126.09,126.49,124.36,124.43,42090552
2015-04-01,124.82,125.12,123.10,124.25,40621436
2015-04-02,125.03,125.56,124.19,125.32,32220132
2015-04-06,124.47,127.51,124.33,127.35,37193976
2015-04-07,127.64,128.12,125.98,126.01,35012268
2015-04-08,125.85,126.40,124.97,125.60,37329244
2015-04-09,125.85,126.58,124.66,126.56,32483974
2015-04-10,125.95,127.21,125.26,127.10,40187952
2015-04-13,128.37,128.57,126.61,126.85,36365124
2015-04-14,127.00,127.29,125.91,126.30,25524592
2015-04-15,126.41,127.13,126.01,126.78,28970420
2015-04-16,126.28,127.10,126.11,126.17,28368988
2015-04-17,125.55,126.14,124.46,124.75,51957048
2015-04-20,125.57,128.12,125.17,127.60,47054312
2015-04-21,128.10,128.20,126.67,126.91,32435056
2015-04-22,126.99,128.87,126.32,128.62,37654504
2015-04-23,128.30,130.42,128.14,129.67,45770904
2015-04-24,130.49,130.63,129.23,130.28,44525904
2015-04-27,132.31,133.13,131.15,132.65,96954208
2015-04-28,134.46,134.54,129.57,130.56,118923968
2015-04-29,130.16,131.59,128.30,128.64,63386084
2015-04-30,127.50,127.88,124.58,125.15,83195424
2015-05-01,126.10,130.13,125.30,128.95,58512640
2015-05-04,129.50,130.57,128.26,128.70,50988280
2015-05-05,128.15,128.45,125.78,125.80,49271416
2015-05-06,126.56,126.75,123.36,125.01,72141008
2015-05-07,124.77,126.08,124.02,125.26,43940896
2015-05-08,126.68,127.62,126.11,127.62,55550384
2015-05-11,127.39,127.56,125.63,126.32,42035756
2015-05-12,125.60,126.88,124.82,125.86,48160032
2015-05-13,126.15,127.19,125.87,126.01,34694236
2015-05-14,127.41,128.95,127.16,128.95,45203456
2015-05-15,129.07,129.49,128.21,128.77,38208032
2015-05-18,128.38,130.72,128.36,130.19,50882920
2015-05-19,130.69,130.88,129.64,130.07,44633240
2015-05-20,130.00,130.98,129.34,130.06,36454932
2015-05-21,130.07,131.63,129.83,131.39,39730364
2015-05-22,131.60,132.97,131.40,132.54,45595972
2015-05-26,132.60,132.91,129.12,129.62,70697560
2015-05-27,130.34,132.26,130.05,132.04,45833248
2015-05-28,131.86,131.95,131.10,131.78,30733308
2015-05-29,131.23,131.45,129.90,130.28,50884452
2015-06-01,131.20,131.39,130.05,130.54,32112796
2015-06-02,129.86,130.65,129.32,129.96,33667628
2015-06-03,130.66,130.94,129.90,130.12,30983542
2015-06-04,129.58,130.58,128.91,129.36,38450120
2015-06-05,129.50,129.69,128.36,128.65,35626800
2015-06-08,128.90,129.21,126.83,127.80,52674784
2015-06-09,126.70,128.08,125.62,127.42,56075420
2015-06-10,127.92,129.34,127.85,128.88,39087248
2015-06-11,129.18,130.18,128.48,128.59,35390888
2015-06-12,128.18,128.33,127.11,127.17,36886248
2015-06-15,126.10,127.24,125.71,126.92,43988944
2015-06-16,127.03,127.85,126.37,127.60,31494132
2015-06-17,127.72,127.88,126.74,127.30,32918072
2015-06-18,127.23,128.31,127.22,127.88,35407220
2015-06-19,127.71,127.82,126.40,126.60,54716888
2015-06-22,127.49,128.06,127.08,127.61,34039344
2015-06-23,127.48,127.61,126.88,127.03,30268864
2015-06-24,127.21,129.80,127.12,128.11,55280856
2015-06-25,128.86,129.20,127.50,127.50,31938100
2015-06-26,127.67,127.99,126.51,126.75,44066840
2015-06-29,125.46,126.47,124.48,124.53,49161428
2015-06-30,125.57,126.12,124.86,125.43,44370680
2015-07-01,126.90,126.94,125.99,126.60,30238812
2015-07-02,126.43,126.69,125.77,126.44,27210952
2015-07-06,124.94,126.23,124.85,126.00,28060432
2015-07-07,125.89,126.15,123.77,125.69,46946812
2015-07-08,124.48,124.64,122.54,122.57,60761616
2015-07-09,123.85,124.06,119.22,120.07,78595040
2015-07-10,121.94,123.85,121.21,123.28,61354472
2015-07-13,125.03,125.75,124.32,125.66,41440536
2015-07-14,126.04,126.37,125.04,125.61,31768140
2015-07-15,125.72,127.15,125.58,126.82,33649200
2015-07-16,127.74,128.57,127.35,128.51,36222448
2015-07-17,129.08,129.62,128.31,129.62,46164712
2015-07-20,130.97,132.97,130.70,132.07,58900204
2015-07-21,132.85,132.92,130.32,130.75,76756424
2015-07-22,121.99,125.50,121.99,125.22,115450608
2015-07-23,126.20,127.09,125.06,125.16,50999452
2015-07-24,125.32,125.74,123.90,124.50,42162332
2015-07-27,123.09,123.61,122.12,122.77,44455540
2015-07-28,123.38,123.91,122.55,123.38,33618096
2015-07-29,123.15,123.50,122.27,122.99,37011652
2015-07-30,122.32,122.57,121.71,122.37,33628268
2015-07-31,122.60,122.64,120.91,121.30,42884952
2015-08-03,121.50,122.57,117.52,118.44,69975968
2015-08-04,117.42,117.70,113.25,114.64,124138624
2015-08-05,112.95,117.44,112.10,115.40,99312616
2015-08-06,115.97,116.50,114.11,115.13,52903040
2015-08-07,114.58,116.25,114.50,115.52,38670404
2015-08-10,116.53,119.99,116.53,119.72,54951596
2015-08-11,117.81,118.18,113.33,113.49,97082816
2015-08-12,112.53,115.42,109.63,115.24,101685608
2015-08-13,116.04,116.40,114.54,115.15,48535788
2015-08-14,114.32,116.31,114.01,115.96,42929516
2015-08-17,116.04,117.65,115.50,117.16,40884744
2015-08-18,116.43,117.44,116.01,116.50,34560708
2015-08-19,116.10,116.52,114.68,115.01,48286512
2015-08-20,114.08,114.35,111.63,112.65,68501624
2015-08-21,110.43,111.90,105.64,105.76,128275472
2015-08-24,94.87,108.80,92.00,103.12,162206288
2015-08-25,111.11,111.11,103.50,103.74,103601600
2015-08-26,107.08,109.89,105.05,109.69,96774608
2015-08-27,112.23,113.24,110.02,112.92,84616056
2015-08-28,112.17,113.31,111.54,113.29,53164408
2015-08-31,112.03,114.53,112.00,112.76,56229272
2015-09-01,110.15,111.88,107.36,107.72,76845856
2015-09-02,110.23,112.34,109.13,112.34,61888812
2015-09-03,112.49,112.78,110.04,110.37,53233940
2015-09-04,108.97,110.45,108.51,109.27,49996312
2015-09-08,111.65,112.56,110.32,112.31,54843624
2015-09-09,113.76,114.02,109.77,110.15,85010800
2015-09-10,110.27,113.28,109.90,112.57,62892832
2015-09-11,111.79,114.21,111.76,114.21,49915472
2015-09-14,116.58,116.89,114.86,115.31,58363432
2015-09-15,115.93,116.53,114.42,116.28,43341156
2015-09-16,116.25,116.54,115.44,116.41,37173488
2015-09-17,115.66,116.49,113.71,113.92,64112640
2015-09-18,112.21,114.30,111.87,113.45,74285288
2015-09-21,113.67,115.37,113.66,115.21,50221964
2015-09-22,113.38,114.18,112.52,113.40,50346160
2015-09-23,113.63,114.72,113.30,114.32,35756716
2015-09-24,113.25,115.50,112.37,115.00,50219476
2015-09-25,116.44,116.69,114.02,114.71,56151928
2015-09-28,113.85,114.57,112.44,112.44,52109012
2015-09-29,112.83,113.51,107.86,109.06,73365384
2015-09-30,110.17,111.54,108.73,110.30,66473032
2015-10-01,109.07,109.62,107.31,109.58,63929100
2015-10-02,108.01,111.01,107.55,110.38,58019760
2015-10-05,109.88,111.37,109.07,110.78,52064744
2015-10-06,110.63,111.74,109.76,111.31,48856976
2015-10-07,111.74,111.77,109.41,110.78,46765552
2015-10-08,110.19,110.19,108.21,109.50,61979576
2015-10-09,110.00,112.28,109.49,112.12,52766140
2015-10-12,112.73,112.75,111.44,111.60,30467204
2015-10-13,110.82,112.45,110.68,111.79,33049256
2015-10-14,111.29,111.52,109.56,110.21,44462448
2015-10-15,110.93,112.10,110.49,111.86,37673452
2015-10-16,111.78,112.00,110.53,111.04,39232608
2015-10-19,110.80,111.75,110.11,111.73,29759152
2015-10-20,111.34,114.17,110.82,113.77,48967764
2015-10-21,114.00,115.58,113.70,113.76,42326976
2015-10-22,114.33,115.50,114.10,115.50,41654088
2015-10-23,116.70,119.23,116.33,119.08,59366912
2015-10-26,118.08,118.13,114.92,115.28,66333780
2015-10-27,115.40,116.54,113.99,114.55,69884400
2015-10-28,116.93,119.30,116.06,119.27,85551352
2015-10-29,118.70,120.69,118.27,120.53,51227336
2015-10-30,120.99,121.22,119.45,119.50,49365256
2015-11-02,119.87,121.36,119.61,121.18,32203268
2015-11-03,120.79,123.49,120.70,122.57,45518976
2015-11-04,123.13,123.82,121.62,122.00,44886048
2015-11-05,121.85,122.69,120.18,120.92,39552680
2015-11-06,121.11,121.81,120.62,121.06,33042284
2015-11-09,120.96,121.81,120.05,120.57,33871404
2015-11-10,116.90,118.07,116.06,116.77,59127932
2015-11-11,116.37,117.42,115.21,116.11,45217972
2015-11-12,116.26,116.82,115.65,115.72,32525580
2015-11-13,115.20,115.57,112.27,112.34,45812404
2015-11-16,111.38,114.24,111.00,114.18,38106700
2015-11-17,114.92,115.05,113.32,113.69,27616940
2015-11-18,115.76,117.49,115.50,117.29,46674696
2015-11-19,117.64,119.75,116.76,118.78,43295820
2015-11-20,119.20,119.92,118.85,119.30,34287096
2015-11-23,119.27,119.73,117.34,117.75,32482528
2015-11-24,117.33,119.35,117.12,118.88,42803172
2015-11-25,119.21,119.23,117.92,118.03,21388308
2015-11-27,118.29,118.41,117.60,117.81,13046445
2015-11-30,117.99,119.41,117.75,118.30,39180320
2015-12-01,118.75,118.81,116.86,117.34,34852376
2015-12-02,117.05,118.11,116.08,116.28,33386564
2015-12-03,116.55,116.79,114.22,115.20,41569508
2015-12-04,115.29,119.25,115.11,119.03,57776976
2015-12-07,118.98,119.86,117.81,118.28,32084248
2015-12-08,117.52,118.60,116.86,118.23,34309448
2015-12-09,117.64,117.69,115.08,115.62,46361356
2015-12-10,116.04,116.94,115.51,116.17,29212728
2015-12-11,115.19,115.39,112.85,113.18,46886160
2015-12-14,112.18,112.68,109.79,112.48,65003608
2015-12-15,111.94,112.80,110.35,110.49,53323104
2015-12-16,111.07,111.99,108.80,111.34,56238468
2015-12-17,112.02,112.25,108.98,108.98,44772828
2015-12-18,108.91,109.52,105.81,106.03,96453328
2015-12-21,107.28,107.37,105.57,107.33,47590608
2015-12-22,107.40,107.72,106.45,107.23,32789368
2015-12-23,107.27,108.85,107.20,108.61,32657354
2015-12-24,109.00,109.00,107.95,108.03,13596680
2015-12-28,107.59,107.69,106.18,106.82,26704210
2015-12-29,106.96,109.43,106.86,108.74,30931244
2015-12-30,108.58,108.70,107.18,107.32,25213776
2015-12-31,107.01,107.03,104.82,105.26,40912316
2016-01-04,102.61,105.37,102.00,105.35,67649384
2016-01-05,105.75,105.85,102.41,102.71,55790992
2016-01-06,100.56,102.37,99.87,100.70,68457392
2016-01-07,98.68,100.13,96.43,96.45,81094432
2016-01-08,98.55,99.11,96.76,96.96,70798016
2016-01-11,98.97,99.06,97.34,98.53,49739376
2016-01-12,100.55,100.69,98.84,99.96,49154228
2016-01-13,100.32,101.19,97.30,97.39,62439632
2016-01-14,97.96,100.48,95.74,99.52,63170128
2016-01-15,96.20,97.71,95.36,97.13,79833888
2016-01-19,98.41,98.65,95.50,96.66,53087748
2016-01-20,95.10,98.19,93.42,96.79,72334416
2016-01-21,97.06,97.88,94.94,96.30,52161464
2016-01-22,98.63,101.46,98.37,101.42,65800468
2016-01-25,101.52,101.53,99.21,99.44,51794524
2016-01-26,99.93,100.88,98.07,99.99,75077000
2016-01-27,96.04,96.63,93.34,93.42,133369672
2016-01-28,93.79,94.52,92.39,94.09,55678824
2016-01-29,94.79,97.34,94.35,97.34,64416504
2016-02-01,96.47,96.71,95.40,96.43,40943540
2016-02-02,95.42,96.04,94.28,94.48,37357216
2016-02-03,95.00,96.84,94.08,96.35,45964296
2016-02-04,95.86,97.33,95.19,96.60,46471652
2016-02-05,96.52,96.92,93.69,94.02,46418064
2016-02-08,93.13,95.70,93.04,95.01,54021376
2016-02-09,94.29,95.94,93.93,94.99,44331196
2016-02-10,95.92,96.35,94.10,94.27,42343600
2016-02-11,93.79,94.72,92.59,93.70,50074712
2016-02-12,94.19,94.50,93.01,93.99,40351380
2016-02-16,95.02,96.85,94.61,96.64,49057916
2016-02-17,96.67,98.21,96.15,98.12,44863244
2016-02-18,98.84,98.89,96.09,96.26,39020984
2016-02-19,96.00,96.76,95.80,96.04,35374172
2016-02-22,96.31,96.90,95.92,96.88,34280760
2016-02-23,96.40,96.50,94.55,94.69,31942632
2016-02-24,93.98,96.38,93.32,96.10,36255744
2016-02-25,96.05,96.76,95.25,96.76,27582660
2016-02-26,97.20,98.02,96.58,96.91,28991132
2016-02-29,96.86,98.23,96.65,96.69,35216276
2016-03-01,97.65,100.77,97.42,100.53,50407148
2016-03-02,100.51,100.89,99.64,100.75,33169560
2016-03-03,100.58,101.71,100.45,101.50,36955744
2016-03-04,102.37,103.75,101.37,103.01,46055100
2016-03-07,102.39,102.83,100.96,101.87,35915808
2016-03-08,100.78,101.76,100.40,101.03,31561888
2016-03-09,101.31,101.58,100.27,101.12,27201684
2016-03-10,101.41,102.24,100.15,101.17,33513576
2016-03-11,102.24,102.28,101.50,102.26,27408236
2016-03-14,101.91,102.91,101.78,102.52,25076062
2016-03-15,103.96,105.18,103.85,104.58,40067736
2016-03-16,104.61,106.31,104.59,105.97,38303492
2016-03-17,105.52,106.47,104.96,105.80,34420704
2016-03-18,106.34,106.50,105.19,105.92,44205172
2016-03-21,105.93,107.65,105.14,105.91,35502680
2016-03-22,105.25,107.29,105.21,106.72,32444376
2016-03-23,106.48,107.07,105.90,106.13,25703496
2016-03-24,105.47,106.25,104.89,105.67,26132956
2016-03-28,106.00,106.19,105.06,105.19,19411372
2016-03-29,104.89,107.79,104.88,107.68,31190084
2016-03-30,108.65,110.42,108.60,109.56,45601148
2016-03-31,109.72,109.90,108.88,108.99,25888448
2016-04-01,108.78,110.00,108.20,109.99,25873950
2016-04-04,110.42,112.19,110.27,111.12,37356204
2016-04-05,109.51,110.73,109.42,109.81,26578652
2016-04-06,110.23,110.98,109.20,110.96,26404076
2016-04-07,109.95,110.42,108.12,108.54,31801870
2016-04-08,108.91,109.77,108.17,108.66,23581740
2016-04-11,108.97,110.61,108.83,109.02,29407518
2016-04-12,109.34,110.50,108.66,110.44,27232324
2016-04-13,110.80,112.34,110.80,112.04,33257316
2016-04-14,111.62,112.39,111.33,112.10,25473924
2016-04-15,112.11,112.30,109.73,109.85,46938968
2016-04-18,108.89,108.95,106.94,107.48,60821460
2016-04-19,107.88,108.00,106.23,106.91,32384880
2016-04-20,106.64,108.09,106.06,107.13,30611030
2016-04-21,106.93,106.93,105.52,105.97,31552524
2016-04-22,105.01,106.48,104.62,105.68,33683120
2016-04-25,105.00,105.65,104.51,105.08,28031588
2016-04-26,103.91,105.30,103.91,104.35,56016164
2016-04-27,96.00,98.71,95.68,97.82,114602144
2016-04-28,97.61,97.88,94.25,94.83,82242688
2016-04-29,93.99,94.72,92.51,93.74,68531480
2016-05-02,93.96,94.08,92.40,93.64,48160104
2016-05-03,94.20,95.74,93.68,95.18,56831276
2016-05-04,95.20,95.90,93.82,94.19,41025476
2016-05-05,94.00,94.07,92.68,93.24,35890500
2016-05-06,93.37,93.45,91.85,92.72,43699888
2016-05-09,93.00,93.77,92.59,92.79,32936436
2016-05-10,93.33,93.57,92.11,93.42,33686836
2016-05-11,93.48,93.57,92.46,92.51,28719108
2016-05-12,92.72,92.78,89.47,90.34,76314688
2016-05-13,90.00,91.67,90.00,90.52,44392764
2016-05-16,92.39,94.39,91.65,93.88,61259756
2016-05-17,94.55,94.70,93.01,93.49,46916940
2016-05-18,94.16,95.21,93.89,94.56,42062392
2016-05-19,94.64,94.64,93.57,94.20,30442100
2016-05-20,94.64,95.43,94.52,95.22,32025968
2016-05-23,95.87,97.19,95.67,96.43,38018644
2016-05-24,97.22,98.09,96.84,97.90,35140176
2016-05-25,98.67,99.74,98.11,99.62,38642108
2016-05-26,99.68,100.73,98.64,100.41,56331160
2016-05-27,99.44,100.47,99.25,100.35,36341240
2016-05-31,99.60,100.40,98.82,99.86,42307212
2016-06-01,99.02,99.54,98.33,98.46,29173284
2016-06-02,97.60,97.84,96.63,97.72,40191600
2016-06-03,97.79,98.27,97.45,97.92,28504888
2016-06-06,97.99,99.14,97.55,98.63,23292504
2016-06-07,99.25,99.87,98.96,99.03,22409450
2016-06-08,99.02,99.56,98.68,98.94,20848132
2016-06-09,98.50,99.99,98.46,99.65,26601354
2016-06-10,98.53,99.35,98.48,98.83,31712936
2016-06-13,98.69,99.12,97.10,97.34,38020496
2016-06-14,97.32,98.47,96.75,97.46,31931944
2016-06-15,97.82,98.41,97.03,97.14,29445228
2016-06-16,96.45,97.75,96.07,97.55,31326816
2016-06-17,96.62,96.65,95.30,95.33,61008220
2016-06-20,96.00,96.57,95.03,95.10,34411900
2016-06-21,94.94,96.35,94.68,95.91,35546360
2016-06-22,96.25,96.89,95.35,95.55,29219122
2016-06-23,95.94,96.29,95.25,96.10,32240188
2016-06-24,92.91,94.65,92.65,93.40,75311360
2016-06-27,93.00,93.05,91.50,92.04,46622188
2016-06-28,92.90,93.66,92.14,93.59,40444912
2016-06-29,93.97,94.55,93.63,94.40,36531008
2016-06-30,94.44,95.77,94.30,95.60,35836356
2016-07-01,95.49,96.46,95.33,95.89,26026540
2016-07-05,95.39,95.40,94.46,94.99,27705210
2016-07-06,94.60,95.66,94.37,95.53,30949090
2016-07-07,95.70,96.50,95.62,95.94,25139558
2016-07-08,96.49,96.89,96.05,96.68,28912104
2016-07-11,96.75,97.65,96.73,96.98,23794944
2016-07-12,97.17,97.70,97.12,97.42,24167464
2016-07-13,97.41,97.67,96.84,96.87,25892172
2016-07-14,97.39,98.99,97.32,98.79,38918996
2016-07-15,98.92,99.30,98.50,98.78,30136990
2016-07-18,98.70,100.13,98.60,99.83,36493868
2016-07-19,99.56,100.00,99.34,99.87,23779924
2016-07-20,100.00,100.46,99.74,99.96,26275968
2016-07-21,99.83,101.00,99.13,99.43,32702028
2016-07-22,99.26,99.30,98.31,98.66,28313668
2016-07-25,98.25,98.84,96.92,97.34,40382920
2016-07-26,96.82,97.97,96.42,96.67,56239824
2016-07-27,104.26,104.35,102.75,102.95,92344816
2016-07-28,102.83,104.45,102.82,104.34,39869840
2016-07-29,104.19,104.55,103.68,104.21,27733688
2016-08-01,104.41,106.15,104.41,106.05,38167872
2016-08-02,106.05,106.07,104.00,104.48,33816556
2016-08-03,104.81,105.84,104.77,105.79,30202640
2016-08-04,105.58,106.00,105.28,105.87,27408650
2016-08-05,106.27,107.65,106.18,107.48,40553400
2016-08-08,107.52,108.37,107.16,108.37,28037220
2016-08-09,108.23,108.94,108.01,108.81,26315204
2016-08-10,108.71,108.90,107.76,108.00,24008504
2016-08-11,108.52,108.93,107.85,107.93,27484506
2016-08-12,107.78,108.44,107.78,108.18,18660434
2016-08-15,108.14,109.54,108.08,109.48,25868208
2016-08-16,109.63,110.23,109.21,109.38,33794448
2016-08-17,109.10,109.37,108.34,109.22,25355976
2016-08-18,109.23,109.60,109.02,109.08,21984704
2016-08-19,108.77,109.69,108.36,109.36,25368072
2016-08-22,108.86,109.10,107.85,108.51,25820230
2016-08-23,108.59,109.32,108.53,108.85,21257668
2016-08-24,108.57,108.75,107.68,108.03,23675080
2016-08-25,107.39,107.88,106.68,107.57,25086248
2016-08-26,107.41,107.95,106.31,106.94,27766292
2016-08-29,106.62,107.44,106.29,106.82,24970300
2016-08-30,105.80,106.50,105.50,106.00,24863944
2016-08-31,105.66,106.57,105.64,106.10,29662406
2016-09-01,106.14,106.80,105.62,106.73,26701524
2016-09-02,107.70,108.00,106.82,107.73,26802450
2016-09-06,107.90,108.30,107.51,107.70,26880392
2016-09-07,107.83,108.76,107.07,108.36,42364328
2016-09-08,107.25,107.27,105.24,105.52,53002024
2016-09-09,104.64,105.72,103.13,103.13,46556984
2016-09-12,102.65,105.72,102.53,105.44,45292768
2016-09-13,107.51,108.79,107.24,107.95,62176192
2016-09-14,108.73,113.03,108.60,111.77,112340320
2016-09-15,113.86,115.73,113.49,115.57,90613176
2016-09-16,115.12,116.13,114.04,114.92,79886912
2016-09-19,115.19,116.18,113.25,113.58,47023048
2016-09-20,113.05,114.12,112.51,113.57,34514268
2016-09-21,113.85,113.99,112.44,113.55,36003184
2016-09-22,114.35,114.94,114.00,114.62,31073984
2016-09-23,114.42,114.79,111.55,112.71,52481152
2016-09-26,111.64,113.39,111.55,112.88,29869442
2016-09-27,113.00,113.18,112.34,113.09,24607412
2016-09-28,113.69,114.64,113.43,113.95,29641084
2016-09-29,113.16,113.80,111.80,112.18,35886992
2016-09-30,112.46,113.37,111.80,113.05,36379104
2016-10-03,112.71,113.05,112.28,112.52,21701760
2016-10-04,113.06,114.31,112.63,113.00,29736836
2016-10-05,113.40,113.66,112.69,113.05,21453088
2016-10-06,113.70,114.34,113.13,113.89,28779312
2016-10-07,114.31,114.56,113.51,114.06,24358444
2016-10-10,115.02,116.75,114.72,116.05,36235956
2016-10-11,117.70,118.69,116.20,116.30,64041044
2016-10-12,117.35,117.98,116.75,117.34,37586788
2016-10-13,116.79,117.44,115.72,116.98,35192408
2016-10-14,117.88,118.17,117.13,117.63,35652192
2016-10-17,117.33,117.84,116.78,117.55,23624896
2016-10-18,118.18,118.21,117.45,117.47,24553478
2016-10-19,117.25,117.76,116.91,117.12,20034594
2016-10-20,116.86,117.38,116.33,117.06,24125800
2016-10-21,116.81,116.91,116.28,116.60,23192664
2016-10-24,117.10,117.74,117.00,117.65,23538672
2016-10-25,117.95,118.36,117.31,118.25,48128968
2016-10-26,114.31,115.70,113.31,115.59,66134220
2016-10-27,115.39,115.86,114.10,114.48,34562044
2016-10-28,113.87,115.21,113.45,113.72,37861664
2016-10-31,113.65,114.23,113.20,113.54,26419398
2016-11-01,113.46,113.77,110.53,111.49,43825812
2016-11-02,111.40,112.35,111.23,111.59,28331708
2016-11-03,110.98,111.46,109.55,109.83,26932602
2016-11-04,108.53,110.25,108.11,108.84,30836996
2016-11-07,110.08,110.51,109.46,110.41,32560000
2016-11-08,110.31,111.72,109.70,111.06,24254180
2016-11-09,109.88,111.32,108.05,110.88,59176360
2016-11-10,111.09,111.09,105.83,107.79,57134540
2016-11-11,107.12,108.87,106.55,108.43,34143896
2016-11-14,107.71,107.81,104.08,105.71,51175504
2016-11-15,106.57,107.68,106.16,107.11,32264510
2016-11-16,106.70,110.23,106.60,109.99,58840520
2016-11-17,109.81,110.35,108.83,109.95,27632004
2016-11-18,109.72,110.54,109.66,110.06,28428916
2016-11-21,110.12,111.99,110.01,111.73,29264572
2016-11-22,111.95,112.42,111.40,111.80,25965534
2016-11-23,111.36,111.51,110.33,111.23,27426394
2016-11-25,111.13,111.87,110.95,111.79,11475922
2016-11-28,111.43,112.46,111.39,111.57,27193984
2016-11-29,110.78,112.03,110.07,111.46,28528750
2016-11-30,111.60,112.20,110.27,110.52,36162256
2016-12-01,110.36,110.94,109.03,109.49,37086864
2016-12-02,109.17,110.09,108.85,109.90,26527996
2016-12-05,110.00,110.03,108.25,109.11,34324540
2016-12-06,109.50,110.36,109.19,109.95,26195462
2016-12-07,109.26,111.19,109.16,111.03,29998720
2016-12-08,110.86,112.43,110.60,112.12,27068316
2016-12-09,112.31,114.70,112.31,113.95,34402628
2016-12-12,113.29,115.00,112.49,113.30,26374376
2016-12-13,113.84,115.92,113.75,115.19,43733812
2016-12-14,115.04,116.20,114.98,115.19,34031832
2016-12-15,115.38,116.73,115.23,115.82,46524544
2016-12-16,116.47,116.50,115.64,115.97,44351136
2016-12-19,115.80,117.38,115.75,116.64,27779424
2016-12-20,116.74,117.50,116.68,116.95,21424964
2016-12-21,116.80,117.40,116.78,117.06,23783164
2016-12-22,116.35,116.51,115.64,116.29,26085854
2016-12-23,115.59,116.52,115.59,116.52,14249484
2016-12-27,116.52,117.80,116.49,117.26,18296856
2016-12-28,117.52,118.02,116.20,116.76,20905892
2016-12-29,116.45,117.11,116.40,116.73,15039519
2016-12-30,116.65,117.20,115.43,115.82,30586264
2017-01-03,115.80,116.33,114.76,116.15,28781864
2017-01-04,115.85,116.51,115.75,116.02,21118116
2017-01-05,115.92,116.86,115.81,116.61,22193588
2017-01-06,116.78,118.16,116.47,117.91,31751900
2017-01-09,117.95,119.43,117.94,118.99,33561948
2017-01-10,118.77,119.38,118.30,119.11,24462052
2017-01-11,118.74,119.93,118.60,119.75,27588592
2017-01-12,118.89,119.30,118.21,119.25,27086220
2017-01-13,119.11,119.62,118.81,119.04,26111948
2017-01-17,118.34,120.24,118.22,120.00,34439844
2017-01-18,120.00,120.50,119.71,119.99,23712960
2017-01-19,119.40,120.09,119.37,119.78,25597292
2017-01-20,120.45,120.45,119.73,120.00,32597892
2017-01-23,120.00,120.81,119.77,120.08,22050218
2017-01-24,119.55,120.10,119.50,119.97,23211038
2017-01-25,120.42,122.10,120.28,121.88,32586672
2017-01-26,121.67,122.44,121.60,121.94,26337576
2017-01-27,122.14,122.35,121.60,121.95,20562944
2017-01-30,120.93,121.63,120.66,121.63,30377504
2017-01-31,121.15,121.39,120.62,121.35,49200992
2017-02-01,127.03,130.49,127.01,128.75,111985040
2017-02-02,127.97,129.39,127.78,128.53,33710412
2017-02-03,128.31,129.19,128.16,129.08,24507300
2017-02-06,129.13,130.50,128.90,130.29,26845924
2017-02-07,130.54,132.09,130.45,131.53,38183840
2017-02-08,131.35,132.22,131.22,132.04,23004072
2017-02-09,131.65,132.45,131.12,132.42,28349860
2017-02-10,132.46,132.94,132.05,132.12,20065458
2017-02-13,133.08,133.82,132.75,133.29,23035420
2017-02-14,133.47,135.09,133.25,135.02,33226224
2017-02-15,135.52,136.27,134.62,135.51,35623100
2017-02-16,135.67,135.90,134.84,135.35,22584556
2017-02-17,135.10,135.83,135.10,135.72,22198196
2017-02-21,136.23,136.75,135.98,136.70,24507156
2017-02-22,136.43,137.12,136.11,137.11,20836932
2017-02-23,137.38,137.48,136.30,136.53,20788186
2017-02-24,135.91,136.66,135.28,136.66,21776584
2017-02-27,137.14,137.43,136.28,136.93,20257426
2017-02-28,137.08,137.43,136.70,136.99,23482860
2017-03-01,137.89,140.15,137.60,139.79,36414584
2017-03-02,140.00,140.28,138.76,138.96,26210984
2017-03-03,138.78,139.83,138.59,139.78,21571120
2017-03-06,139.37,139.77,138.60,139.34,21750044
2017-03-07,139.06,139.98,138.79,139.52,17446296
2017-03-08,138.95,139.80,138.82,139.00,18707236
2017-03-09,138.74,138.79,137.05,138.68,22155904
2017-03-10,139.25,139.36,138.64,139.14,19612800
2017-03-13,138.85,139.43,138.82,139.20,17421716
2017-03-14,139.30,139.65,138.84,138.99,15309065
2017-03-15,139.41,140.75,139.02,140.46,25691774
2017-03-16,140.72,141.02,140.26,140.69,19231998
2017-03-17,141.00,141.00,139.89,139.99,43884952
2017-03-20,140.40,141.50,140.23,141.46,21542038
2017-03-21,142.11,142.80,139.73,139.84,39529912
2017-03-22,139.85,141.60,139.76,141.42,25860164
2017-03-23,141.26,141.58,140.61,140.92,20346300
2017-03-24,141.50,141.74,140.35,140.64,22395564
2017-03-27,139.39,141.22,138.62,140.88,23575094
2017-03-28,140.91,144.04,140.62,143.80,33374804
2017-03-29,143.68,144.49,143.19,144.12,29173712
2017-03-30,144.19,144.50,143.50,143.93,21207252
2017-03-31,143.72,144.27,143.01,143.66,19661652
2017-04-03,143.71,144.12,143.05,143.70,19985714
2017-04-04,143.25,144.89,143.17,144.77,19891354
2017-04-05,144.22,145.46,143.81,144.02,27717854
2017-04-06,144.29,144.52,143.45,143.66,21149034
2017-04-07,143.73,144.18,143.27,143.34,16672198
2017-04-10,143.60,143.88,142.90,143.17,18933396
2017-04-11,142.94,143.35,140.06,141.63,30379376
2017-04-12,141.60,142.15,141.01,141.80,20350000
2017-04-13,141.91,142.38,141.05,141.05,17822880
2017-04-17,141.48,141.88,140.87,141.83,16582094
2017-04-18,141.41,142.04,141.11,141.20,14697544
2017-04-19,141.88,142.00,140.45,140.68,17328376
2017-04-20,141.22,142.92,141.16,142.44,23304356
2017-04-21,142.44,142.68,141.85,142.27,17320928
2017-04-24,143.50,143.95,143.18,143.64,17134332
2017-04-25,143.91,144.90,143.87,144.53,18303938
2017-04-26,144.47,144.60,143.38,143.68,20041240
2017-04-27,143.92,144.16,143.31,143.79,14246347
2017-04-28,144.09,144.30,143.27,143.65,20860358
2017-05-01,145.10,147.20,144.96,146.58,33602944
2017-05-02,147.54,148.09,146.84,147.51,45352192
2017-05-03,145.59,147.49,144.27,147.06,45697032
2017-05-04,146.52,147.14,145.81,146.53,23371872
2017-05-05,146.76,148.98,146.76,148.96,27327724
2017-05-08,149.03,153.70,149.03,153.01,48752412
2017-05-09,153.87,154.88,153.45,153.99,39130364
2017-05-10,153.63,153.94,152.11,153.26,25805692
2017-05-11,152.45,154.07,152.31,153.95,27255058
2017-05-12,154.70,156.42,154.67,156.10,32527016
2017-05-15,156.01,156.65,155.05,155.70,26009720
2017-05-16,155.94,156.06,154.72,155.47,20048478
2017-05-17,153.60,154.57,149.71,150.25,50767680
2017-05-18,151.27,153.34,151.13,152.54,33568216
2017-05-19,153.38,153.98,152.63,153.06,26960788
2017-05-22,154.00,154.58,152.91,153.99,22966436
2017-05-23,154.90,154.90,153.31,153.80,19918872
2017-05-24,153.84,154.17,152.67,153.34,19219154
2017-05-25,153.73,154.35,153.03,153.87,19235598
2017-05-26,154.00,154.24,153.31,153.61,21927636
2017-05-30,153.42,154.43,153.33,153.67,20126852
2017-05-31,153.97,154.17,152.38,152.76,24451164
2017-06-01,153.17,153.33,152.22,153.18,16404088
2017-06-02,153.58,155.45,152.89,155.45,27770716
2017-06-05,154.34,154.45,153.46,153.93,25331662
2017-06-06,153.90,155.81,153.78,154.45,26624926
2017-06-07,155.02,155.98,154.48,155.37,21069648
2017-06-08,155.25,155.54,154.40,154.99,21250798
2017-06-09,155.19,155.19,146.02,148.98,64882656
2017-06-12,145.74,146.09,142.51,145.42,72307328
2017-06-13,147.16,147.45,145.15,146.59,34165444
2017-06-14,147.50,147.50,143.84,145.16,31531232
2017-06-15,143.32,144.48,142.21,144.29,32165372
2017-06-16,143.78,144.50,142.20,142.27,50361092
2017-06-19,143.66,146.74,143.66,146.34,32541404
2017-06-20,146.87,146.87,144.94,145.01,24900072
2017-06-21,145.52,146.07,144.61,145.87,21265752
2017-06-22,145.77,146.70,145.12,145.63,19106294
2017-06-23,145.13,147.16,145.11,146.28,35439388
2017-06-26,147.17,148.28,145.38,145.82,25692360
2017-06-27,145.01,146.16,143.62,143.73,24761892
2017-06-28,144.49,146.11,143.16,145.83,22082432
2017-06-29,144.71,145.13,142.28,143.68,31499368
2017-06-30,144.45,144.96,143.78,144.02,23024108
2017-07-03,144.88,145.30,143.10,143.50,14277848
2017-07-05,143.69,144.79,142.72,144.09,21569556
2017-07-06,143.02,143.50,142.41,142.73,24128782
2017-07-07,142.90,144.75,142.90,144.18,19201712
2017-07-10,144.11,145.95,143.37,145.06,21090636
2017-07-11,144.73,145.85,144.38,145.53,19781836
2017-07-12,145.87,146.18,144.82,145.74,24884478
2017-07-13,145.50,148.49,145.44,147.77,25199372
2017-07-14,147.97,149.33,147.33,149.04,20132060
2017-07-17,148.82,150.90,148.57,149.56,23793456
2017-07-18,149.20,150.13,148.67,150.08,17868792
2017-07-19,150.48,151.42,149.95,151.02,20922968
2017-07-20,151.50,151.74,150.19,150.34,17243748
2017-07-21,149.99,150.44,148.88,150.27,26252630
2017-07-24,150.58,152.44,149.90,152.09,21493160
2017-07-25,151.80,153.84,151.80,152.74,18853932
2017-07-26,153.35,153.93,153.06,153.46,15780951
2017-07-27,153.75,153.99,147.30,150.56,32476336
2017-07-28,149.89,150.23,149.19,149.50,17213652
2017-07-31,149.90,150.33,148.13,148.73,19845920
2017-08-01,149.10,150.22,148.41,150.05,35368644
2017-08-02,159.28,159.75,156.16,157.14,69936800
2017-08-03,157.05,157.21,155.02,155.57,27097296
2017-08-04,156.07,157.40,155.69,156.39,20559852
2017-08-07,157.06,158.92,156.67,158.81,21870320
2017-08-08,158.60,161.83,158.27,160.08,36205896
2017-08-09,159.26,161.27,159.11,161.06,26131530
2017-08-10,159.90,160.00,154.63,155.32,40804272
2017-08-11,156.60,158.57,156.07,157.48,26257096
2017-08-14,159.32,160.21,158.75,159.85,22122734
2017-08-15,160.66,162.20,160.14,161.60,29465488
2017-08-16,161.94,162.51,160.15,160.95,27671612
2017-08-17,160.52,160.71,157.84,157.86,27940564
2017-08-18,157.86,159.50,156.72,157.50,27428068
2017-08-21,157.50,157.89,155.11,157.21,26368528
2017-08-22,158.23,160.00,158.02,159.78,21604584
2017-08-23,159.07,160.47,158.88,159.98,19399080
2017-08-24,160.43,160.74,158.55,159.27,19818918
2017-08-25,159.65,160.56,159.27,159.86,25480064
2017-08-28,160.14,162.00,159.93,161.47,25965972
2017-08-29,160.10,163.12,160.00,162.91,29516910
2017-08-30,163.80,163.89,162.61,163.35,27269584
2017-08-31,163.64,164.52,163.48,164.00,26785096
2017-09-01,164.80,164.94,163.63,164.05,16591051
2017-09-05,163.75,164.25,160.56,162.08,29536314
2017-09-06,162.71,162.99,160.52,161.91,21651726
2017-09-07,162.09,162.24,160.36,161.26,21928502
2017-09-08,160.86,161.15,158.53,158.63,28611536
2017-09-11,160.50,162.05,159.89,161.50,31580798
2017-09-12,162.61,163.96,158.77,160.86,71714048
2017-09-13,159.87,159.96,157.91,159.65,44907360
2017-09-14,158.99,159.40,158.09,158.28,23760748
2017-09-15,158.47,160.97,158.00,159.88,49114600
2017-09-18,160.11,160.50,157.99,158.67,28269436
2017-09-19,159.51,159.77,158.44,158.73,20810632
2017-09-20,157.90,158.26,153.83,156.07,52951364
2017-09-21,155.80,155.80,152.75,153.39,37511660
2017-09-22,152.02,152.27,150.56,151.89,46645444
2017-09-25,149.99,151.83,149.16,150.55,44387336
2017-09-26,151.78,153.92,151.69,153.14,36660044
2017-09-27,153.80,154.72,153.54,154.23,25504228
2017-09-28,153.89,154.28,152.70,153.28,22005456
2017-09-29,153.21,154.13,152.00,154.12,26299810
2017-10-02,154.26,154.45,152.72,153.81,18698842
2017-10-03,154.01,155.09,153.91,154.48,16230293
2017-10-04,153.63,153.86,152.46,153.48,20163750
2017-10-05,154.18,155.44,154.05,155.39,21283768
2017-10-06,154.97,155.49,154.56,155.30,17407558
2017-10-09,155.81,156.73,155.49,155.84,16262923
2017-10-10,156.05,158.00,155.10,155.90,15617014
2017-10-11,155.97,156.98,155.75,156.55,16905640
2017-10-12,156.35,157.37,155.73,156.00,16125054
2017-10-13,156.73,157.28,156.41,156.99,16394188
2017-10-16,157.90,160.00,157.65,159.88,24121452
2017-10-17,159.78,160.87,159.23,160.47,18997276
2017-10-18,160.42,160.71,159.60,159.76,16374164
2017-10-19,156.75,157.08,155.02,155.98,42584168
2017-10-20,156.61,157.75,155.96,156.25,23974146
2017-10-23,156.89,157.69,155.50,156.17,21984328
2017-10-24,156.29,157.42,156.20,157.10,17757230
2017-10-25,156.91,157.55,155.27,156.41,21207098
2017-10-26,157.23,157.83,156.78,157.41,17000468
2017-10-27,159.29,163.60,158.70,163.05,44454160
2017-10-30,163.89,168.07,163.72,166.72,44700772
2017-10-31,167.90,169.65,166.94,169.04,36046828
2017-11-01,169.87,169.94,165.61,166.89,33637760
2017-11-02,167.64,168.50,165.28,168.11,41393372
2017-11-03,174.00,174.26,171.12,172.50,59398632
2017-11-06,172.37,174.99,171.72,174.25,35026304
2017-11-07,173.91,175.25,173.60,174.81,24361484
2017-11-08,174.66,176.24,174.33,176.24,24409528
2017-11-09,175.11,176.10,173.14,175.88,29482596
2017-11-10,175.11,175.38,174.27,174.67,25145500
2017-11-13,173.50,174.50,173.40,173.97,16982080
2017-11-14,173.04,173.48,171.18,171.34,24782488
2017-11-15,169.97,170.32,168.38,169.08,29158070
2017-11-16,171.18,171.87,170.30,171.10,23637484
2017-11-17,171.04,171.39,169.64,170.15,21899544
2017-11-20,170.29,170.56,169.56,169.98,16262447
2017-11-21,170.78,173.70,170.78,173.14,25131296
2017-11-22,173.36,175.00,173.05,174.96,25588924
2017-11-24,175.10,175.50,174.65,174.97,13847826
2017-11-27,175.05,175.08,173.34,174.09,20716802
2017-11-28,174.30,174.87,171.86,173.07,26428802
2017-11-29,172.63,172.92,167.16,169.48,41666364
2017-11-30,170.43,172.14,168.44,171.85,41527216
2017-12-01,169.95,171.67,168.50,171.05,39759288
2017-12-04,172.47,172.62,169.63,169.74,28359736
2017-12-05,169.33,171.52,168.40,169.64,23184490
2017-12-06,167.50,170.20,166.46,169.01,23673640
2017-12-07,169.03,170.44,168.91,169.46,20960944
2017-12-08,170.49,171.00,168.82,169.25,19778544
2017-12-11,169.17,172.89,168.79,172.62,30255280
2017-12-12,172.15,172.39,171.46,171.70,16780128
2017-12-13,172.63,173.54,172.00,172.37,20522192
2017-12-14,172.43,173.13,171.65,172.22,17780196
2017-12-15,172.81,174.17,172.46,173.76,32823966
2017-12-18,174.92,177.20,174.86,176.65,26444056
2017-12-19,175.03,175.39,174.09,174.57,23013336
2017-12-20,174.88,175.42,173.25,174.36,19936928
2017-12-21,174.17,176.02,174.10,175.10,18064696
2017-12-22,174.71,175.42,174.50,175.01,14082844
2017-12-26,170.66,171.47,169.68,170.35,29078644
2017-12-27,170.10,170.78,169.71,170.44,18544450
2017-12-28,171.00,171.85,170.48,170.85,14411025
2017-12-29,170.71,170.71,169.22,169.33,23391592
2018-01-02,170.16,172.30,169.26,172.10,22450308
2018-01-03,172.52,174.55,171.96,172.00,25286748
2018-01-04,172.54,173.47,172.08,173.00,19615176
2018-01-05,173.44,175.37,173.05,175.02,20761216
2018-01-08,174.31,175.61,173.93,174.31,17413280
2018-01-09,174.55,175.06,173.41,174.33,18649072
2018-01-10,173.16,174.30,173.00,174.09,20657808
2018-01-11,174.59,175.49,174.49,175.20,15306344
2018-01-12,176.18,177.36,175.65,177.03,19915708
2018-01-16,177.91,179.39,176.14,176.21,26530112
2018-01-17,176.15,179.25,175.07,179.05,29660920
2018-01-18,179.37,180.10,178.25,179.18,27546772
2018-01-19,178.52,179.58,177.41,178.45,24839926
2018-01-22,177.30,177.78,176.60,177.00,23390144
2018-01-23,177.30,179.44,176.82,177.04,28903804
2018-01-24,177.25,177.30,173.20,174.14,45395008
2018-01-25,174.28,174.95,170.53,171.18,34993760
2018-01-26,172.00,172.00,170.06,171.43,33733636
2018-01-29,170.16,170.16,167.07,167.94,41056784
2018-01-30,165.55,167.37,164.70,167.05,40004848
2018-01-31,166.87,168.44,166.50,167.04,26953136
2018-02-01,167.16,168.62,166.76,167.67,32238548
2018-02-02,166.47,166.80,160.10,160.49,72757832
2018-02-05,159.11,163.88,156.00,157.16,62921248
2018-02-06,154.91,163.72,154.00,163.09,58072648
2018-02-07,163.09,163.40,159.07,159.65,42973116
2018-02-08,160.30,161.00,155.03,156.60,46303876
2018-02-09,156.67,157.89,150.24,156.35,57898100
2018-02-12,158.48,163.89,157.51,162.68,49613128
2018-02-13,161.95,164.75,161.65,164.34,27185982
2018-02-14,163.07,167.54,162.88,167.37,33976016
2018-02-15,169.79,173.09,169.00,172.93,45773184
2018-02-16,172.36,174.82,171.77,172.65,35689164
2018-02-20,172.07,174.26,171.42,173.39,30447410
2018-02-21,172.83,174.12,171.01,171.01,33104360
2018-02-22,171.85,173.95,171.71,172.55,27737348
2018-02-23,173.67,175.65,173.54,175.60,30218578
2018-02-26,176.35,179.39,176.21,178.92,33143852
2018-02-27,179.10,180.48,178.16,178.33,35078592
2018-02-28,179.33,180.62,178.05,178.12,30456300
2018-03-01,178.55,179.77,172.66,175.06,43547688
2018-03-02,172.80,176.30,172.45,176.03,34325076
2018-03-05,175.14,177.74,174.52,176.90,24883468
2018-03-06,177.90,178.25,176.13,176.58,21021596
2018-03-07,175.15,175.85,174.27,175.02,27799664
2018-03-08,175.48,177.12,175.07,176.93,20780448
2018-03-09,177.96,180.00,177.39,179.96,27973556
2018-03-12,180.30,182.39,180.21,181.80,29193942
2018-03-13,182.57,183.50,179.24,180.05,28197256
2018-03-14,180.32,180.52,177.81,178.44,26304124
2018-03-15,178.50,180.24,178.07,178.80,20214548
2018-03-16,178.61,179.12,177.62,178.02,30732264
2018-03-19,177.37,177.47,173.66,175.30,29059118
2018-03-20,175.28,176.80,174.94,175.23,17340788
2018-03-21,175.01,175.09,171.26,171.44,31947024
2018-03-22,170.05,172.68,168.60,168.85,37038376
2018-03-23,168.54,169.92,164.94,165.00,35189424
2018-03-26,168.07,173.10,166.44,172.65,31852404
2018-03-27,173.69,175.15,166.92,168.60,35243972
2018-03-28,167.14,170.02,165.19,166.52,34536208
2018-03-29,168.03,171.75,166.90,167.97,31819824
2018-04-02,167.88,168.94,164.47,166.34,33249484
2018-04-03,167.66,168.75,164.88,168.48,25698128
2018-04-04,164.88,172.01,164.77,168.39,29790614
2018-04-05,172.58,174.23,172.08,172.84,23707894
2018-04-06,170.89,172.48,168.20,168.42,29979176
2018-04-09,169.81,173.09,169.81,170.05,25036606
2018-04-10,173.00,174.00,171.53,173.27,25438260
2018-04-11,172.23,173.92,171.70,172.42,19380408
2018-04-12,173.40,175.00,173.04,174.14,20496616
2018-04-13,174.76,175.84,173.85,174.73,20954424
2018-04-16,175.12,176.19,174.83,175.71,19197052
2018-04-17,176.42,178.94,176.41,178.24,22043860
2018-04-18,177.78,178.82,176.88,177.85,18449016
2018-04-19,174.94,175.39,172.66,172.80,31116284
2018-04-20,170.60,171.22,165.43,165.99,56818132
2018-04-23,166.81,166.92,164.09,165.22,32065964
2018-04-24,165.67,166.33,161.22,163.10,29776548
2018-04-25,162.62,165.42,162.41,163.64,25183130
2018-04-26,164.12,165.73,163.37,164.18,24210580
2018-04-27,164.00,164.33,160.63,162.34,32047852
2018-04-30,162.11,167.26,161.84,165.46,35198692
2018-05-01,166.41,169.24,165.27,169.20,37226304
2018-05-02,175.25,177.75,173.80,176.73,56499656
2018-05-03,175.88,177.50,174.44,176.89,29960556
2018-05-04,178.25,184.25,178.17,183.87,49876200
2018-05-07,185.18,187.67,184.75,186.28,37731368
2018-05-08,184.99,186.22,183.66,186.05,24868284
2018-05-09,186.58,187.40,185.22,187.30,20533032
2018-05-10,187.74,190.37,187.65,190.00,24559616
2018-05-11,189.49,190.06,187.45,188.51,21702670
2018-05-14,189.01,189.53,187.86,188.09,18028468
2018-05-15,186.81,187.07,185.10,186.40,20449168
2018-05-16,186.10,188.46,186.00,188.12,16966940
2018-05-17,188.00,188.91,186.36,186.94,15093184
2018-05-18,187.19,187.81,186.13,186.41,15848836
2018-05-21,188.00,189.27,186.91,187.60,16108967
2018-05-22,188.49,188.88,186.78,187.29,13067468
2018-05-23,186.35,188.50,185.76,188.37,16513527
2018-05-24,188.77,188.84,186.21,188.15,16552575
2018-05-25,188.23,189.65,187.65,188.63,15320284
2018-05-29,187.60,188.75,186.87,187.47,19905996
2018-05-30,187.64,188.00,186.78,187.50,15534184
2018-05-31,187.25,188.23,186.14,186.89,23447188
2018-06-01,187.99,190.31,187.75,190.20,20648152
2018-06-04,191.60,193.42,191.35,191.80,22576640
2018-06-05,192.92,193.94,192.36,193.41,18866420
2018-06-06,193.59,194.08,191.92,193.98,17989848
2018-06-07,194.14,194.20,192.34,193.53,19243600
2018-06-08,191.12,192.00,189.77,191.71,23273868
2018-06-11,191.34,191.97,190.21,191.23,15977677
2018-06-12,191.38,192.61,191.15,192.21,14779307
2018-06-13,192.42,192.88,190.44,190.75,18307708
2018-06-14,191.55,191.57,190.22,190.95,18260118
2018-06-15,190.04,190.16,188.26,188.80,50928272
2018-06-18,187.87,189.22,187.20,188.71,15583424
2018-06-19,185.26,186.33,183.45,185.69,27441632
2018-06-20,186.39,187.20,185.73,186.52,18101748
2018-06-21,187.21,188.35,184.94,185.46,18706152
2018-06-22,185.91,186.15,184.70,185.38,19307672
2018-06-25,183.40,184.92,180.73,182.17,26272788
2018-06-26,182.89,186.53,182.54,184.45,21377092
2018-06-27,185.23,187.28,184.03,184.30,21932024
2018-06-28,184.09,186.21,183.80,185.57,15007680
2018-06-29,186.29,187.19,182.91,185.11,22737666
2018-07-02,183.82,187.30,183.42,187.18,17731344
2018-07-03,187.79,187.95,183.54,183.92,13954806
2018-07-05,185.26,186.41,184.28,185.40,16604248
2018-07-06,185.42,188.43,185.20,187.97,17485244
2018-07-09,189.50,190.68,189.30,190.58,19756634
2018-07-10,190.71,191.28,190.18,190.35,15939149
2018-07-11,188.50,189.78,187.61,187.88,18831470
2018-07-12,189.53,191.41,189.31,191.03,18041132
2018-07-13,191.08,191.84,190.90,191.33,12519792
2018-07-16,191.52,192.65,190.41,190.91,15043110
2018-07-17,189.75,191.87,189.20,191.45,15534523
2018-07-18,191.78,191.80,189.93,190.40,16393381
2018-07-19,189.69,192.55,189.69,191.88,20286752
2018-07-20,191.78,192.43,190.17,191.44,20706042
2018-07-23,190.68,191.96,189.56,191.61,15989365
2018-07-24,192.45,193.66,192.05,193.00,18697898
2018-07-25,193.06,194.85,192.43,194.82,16826484
2018-07-26,194.61,195.96,193.61,194.21,19075964
2018-07-27,194.99,195.19,190.10,190.98,24023972
2018-07-30,191.90,192.20,189.07,189.91,21029536
2018-07-31,190.30,192.14,189.34,190.29,39373040
2018-08-01,199.13,201.76,197.31,201.50,67935712
2018-08-02,200.58,208.38,200.35,207.39,62404012
2018-08-03,207.03,208.74,205.48,207.99,33447396
2018-08-06,208.00,209.25,207.07,209.07,25425388
2018-08-07,209.32,209.50,206.76,207.11,25587388
2018-08-08,206.05,207.81,204.52,207.25,22525488
2018-08-09,207.28,209.78,207.20,208.88,23492626
2018-08-10,207.36,209.10,206.67,207.53,24611202
2018-08-13,207.70,210.95,207.70,208.87,25890880